No.,Nombtre del trámite,Solicitud de Ingreso,Formato,Testimonio,CURP y/o RFC,CURP,RFC,Identificación oficial,Croquis de ubicación del predio,Orden original,Testimonio,Croquis o plano de la propiedad,Certificado de gravámenes,Dos testigos con respectiva ,Documentos que carecen de firma original,Planos,Plano del lote,Certificado de no inscripción,Solicitud por escrito,Constancia de posesión,Cancelación por escrito,Contrato objeto de la ratificación de firmas,Memoria descriptiva,Identificación de los colindantes y del interesado,Título de propiedad ,Avalúo bancario,Testimonio de escritura,Oficio de la Institución de crédito,Testimonio del acta,Resolución judicial,Resolución judicial o convenio,Resolución formalizada,Convenio,Convenio entre particulares,Protocolización,Formalización ante Notario,Acta de asamblea,Acta de asamblea,Solicitud de autoridad competente,El documento a inscribir,Testamento protocolizado,Sentencia Interlocutoria,Testamento original,Diligencia de aceptación,Diligencia de embargo y dos copias,Permiso,Acta de defunción,Boleta predial al corriente,Avalúo catastral,Certificado de valor fiscal,Constancia de no pertenencia al ejido,Constancia del órgano ejidal,Constancia,,Sin requisitos
1,Inscripción o anotación que no modifica el derecho inscrito. (Registro Público de la Propiedad y del Comercio),1,1,1,1,0,0,1,0,0,0,0,0,0,0,0,0,0,0,0,0,0,0,0,0,0,0,0,0,0,0,0,0,0,0,0,0,0,0,0,0,0,0,0,0,0,0,0,0,0,0,0,0,,
2,Inscripción de compra-venta a plazos con reserva de dominio. (Registro Público de la Propiedad y del Comercio),0,0,0,0,0,0,0,0,0,0,0,0,0,0,0,0,0,0,0,0,0,0,0,0,0,0,0,0,0,0,0,0,0,0,0,0,0,0,0,0,0,0,0,0,0,0,0,0,0,0,0,0,,
3,Inscripción por Repudio de Herencia. (Registro Público de la Propiedad y del Comercio),0,1,0,0,1,1,1,0,1,0,0,0,0,0,0,0,0,0,0,0,0,0,0,0,0,0,0,0,0,0,0,0,0,0,0,0,0,0,0,0,0,0,0,0,0,0,0,0,0,0,0,0,,
4,Inscripción de Poderes Civiles y Sustituciones (Registro Público de la Propiedad y del Comercio),0,1,0,0,1,1,1,0,0,0,0,0,0,0,0,0,0,0,0,0,0,0,0,0,0,1,0,0,0,0,0,0,0,0,0,0,0,0,0,0,0,0,0,0,0,0,0,0,0,0,0,0,,
5,Inscripción por Constitución del Patrimonio Familiar. (Registro Público de la Propiedad y del Comercio),0,1,0,0,1,1,1,0,0,0,0,0,0,0,0,0,0,0,0,0,0,0,0,0,0,0,0,0,1,0,0,0,0,0,0,0,0,0,0,0,0,0,0,0,0,0,0,0,0,0,0,0,,
6,Inscripción de limitaciones o gravámenes a la propiedad de inmuebles. (Registro Público de la Propiedad y del Comercio),0,1,0,0,1,1,1,0,0,0,0,0,0,0,0,0,0,0,0,0,0,0,0,0,0,0,0,0,0,1,0,0,0,0,0,0,0,0,0,0,0,0,0,0,0,0,0,0,0,0,0,0,,
7,Inscripción de operaciones que limiten o graven bienes muebles. (Registro Público de la Propiedad y del Comercio),0,1,0,0,1,1,1,0,0,0,0,0,0,0,0,0,0,0,0,0,0,0,0,0,0,0,0,0,0,0,0,1,0,0,0,0,0,0,0,0,0,0,0,0,0,0,0,0,0,0,0,0,,
8,Inscripción de Escrituras Constitutivas de Personas Morales o Modificaciones de Capital (Registro Público de la Propiedad y del Comercio),0,1,0,0,1,1,1,0,0,0,0,0,0,0,0,0,0,0,0,0,0,0,0,0,0,0,0,1,0,0,0,0,0,0,0,0,0,0,0,0,0,0,0,0,0,0,0,0,0,0,0,0,,
9,Inscripción de actas de asamblea de socios o juntas de administradores (Registro Público de la Propiedad y del Comercio),0,1,0,0,1,1,1,0,0,0,0,0,0,0,0,0,0,0,0,0,0,0,0,0,0,0,0,0,0,0,0,0,0,1,0,0,0,0,0,0,0,0,0,0,0,0,0,0,0,0,0,0,,
10,Inscripción de la modificación al Acta Constitutiva que no implique aumento de capital. (Registro Público de la Propiedad y del Comercio),0,1,0,0,1,1,1,0,0,0,0,0,0,0,0,0,0,0,0,0,0,0,0,0,0,0,0,0,0,0,0,0,0,0,1,0,0,0,0,0,0,0,0,0,0,0,0,0,0,0,0,0,,
11,"Inscripción de emisión de obligaciones, acciones, cédula y certificado de participación. (Registro Público de la Propiedad y del Comercio)",0,1,0,0,1,1,1,0,0,0,0,0,0,0,0,0,0,0,0,0,0,0,0,0,0,0,0,0,0,0,0,0,0,0,0,1,0,0,0,0,0,0,0,0,0,0,0,0,0,0,0,0,,
12,Inscripción de revocación o renuncia de poderes. (Registro Público de la Propiedad y del Comercio),0,1,0,0,1,1,1,0,0,0,0,0,0,0,0,0,0,0,0,0,0,0,0,0,0,0,0,0,0,0,0,0,0,0,0,0,1,0,0,0,0,0,0,0,0,0,0,0,0,0,0,0,,
13,Inscripción de cualquier otro título registrable conforme a la Ley. (Registro Público de la Propiedad y del Comercio),0,1,0,0,1,1,1,0,0,0,0,0,0,0,0,0,0,0,0,0,0,0,0,0,0,0,0,0,0,0,0,0,0,0,0,1,0,0,0,0,0,0,0,0,0,0,0,0,0,0,0,0,,
14,Informes sobre Inscripción de Testamentos (Registro Público de la Propiedad y del Comercio),0,1,0,0,1,1,1,0,0,0,0,0,0,0,0,0,0,0,0,0,0,0,0,0,0,0,0,0,0,0,0,0,0,0,0,0,0,1,0,0,0,0,0,0,0,0,0,0,0,0,0,0,,
15,Inscripción de documentos de valor determinado referente a sociedades de producción rural. (Registro Público de la Propiedad y del Comercio),0,1,0,0,1,1,1,0,0,0,0,0,0,0,0,0,0,0,0,0,0,0,0,0,0,0,0,0,0,0,0,0,0,0,0,0,0,0,1,0,0,0,0,0,0,0,0,0,0,0,0,0,,
16,Inscripción de cualquier clase de testamento. (Registro Público de la Propiedad y del Comercio),0,1,0,0,1,1,1,0,0,0,0,0,0,0,0,0,0,0,0,0,0,0,0,0,0,0,0,0,0,0,0,0,0,0,0,0,0,0,0,1,0,0,0,0,0,1,0,0,0,0,0,0,,
17,"Inscripción de la designación, aceptación o discernimiento del cargo de albacea. Declaración y reconocimiento de herederos en un solo documento. (Registro Público de la Propiedad y del Comercio)",0,1,0,0,1,1,1,0,0,0,0,0,0,0,0,0,0,0,0,0,0,0,0,0,0,0,0,0,0,0,0,0,0,0,0,0,0,0,0,0,1,0,1,0,0,0,0,0,0,0,0,0,,
18,Inscripción por asociación en participación. (Registro Público de la Propiedad y del Comercio),0,1,1,0,1,1,1,0,0,0,0,0,0,0,0,0,0,0,0,0,0,0,0,0,0,0,0,0,0,0,0,0,1,0,0,0,0,0,0,0,0,0,0,0,0,0,0,0,0,0,0,0,,
19,Inscripción de la cancelación de créditos otorgados por Instituciones de crédito. (Registro Público de la Propiedad y del Comercio),0,1,0,0,1,1,1,0,0,0,0,0,0,0,0,0,0,0,0,0,0,0,0,0,0,1,1,0,0,0,0,0,0,0,0,0,0,0,0,0,0,0,0,0,0,0,0,0,0,0,0,0,,
20,Inscripción de providencias precautorias de carácter mercantil. (Registro Público de la Propiedad y del Comercio),0,1,0,0,1,1,1,0,0,0,0,0,0,0,0,0,0,0,0,0,0,0,0,0,0,0,0,0,1,0,0,0,0,0,0,0,0,0,0,0,0,0,0,1,0,0,0,0,0,0,0,0,,
21,Inscripción de suspensión de pagos o declaración de concursos. (Registro Público de la Propiedad y del Comercio),0,1,0,0,1,1,1,0,0,0,0,0,0,0,0,0,0,0,0,0,0,0,0,0,0,0,0,0,1,0,0,0,0,0,0,0,0,0,0,0,0,0,0,0,0,0,0,0,0,0,0,0,,
22,"Inscripción de convenios para fraccionar, lotificar o subdividir un predio (zonas urbanas, residenciales e industriales). (Registro Público de la Propiedad y del Comercio)",0,1,0,0,1,1,1,0,0,0,0,0,0,0,0,1,0,0,0,0,0,1,0,0,0,0,0,0,0,0,0,0,0,0,0,0,0,0,0,0,0,0,0,0,1,0,0,0,0,0,0,0,,
23,Inscripción De las Demás Zonas por división (Registro Público de la Propiedad y del Comercio),0,1,0,0,1,1,1,0,0,0,0,0,0,0,0,1,0,0,0,0,0,1,0,0,0,0,0,0,0,0,0,0,0,0,0,0,0,0,0,0,0,0,0,0,1,0,0,0,0,0,0,0,,
24,Inscripción del régimen de propiedad en condominio. (Registro Público de la Propiedad y del Comercio),0,1,1,0,1,1,1,0,0,0,0,0,0,0,1,0,0,0,0,0,0,1,0,0,0,0,0,0,0,0,0,0,0,0,0,0,0,0,0,0,0,0,0,0,0,0,0,0,0,0,0,0,,
25,Inscripción de apeo o deslinde. (Registro Público de la Propiedad y del Comercio),0,1,1,0,1,1,1,1,0,0,0,0,0,0,0,0,0,0,0,0,0,0,0,0,0,0,0,0,1,0,0,0,0,0,0,0,0,0,0,0,0,0,0,0,0,0,0,0,0,0,0,0,,
26,Inscripción de créditos refaccionarios de habilitación o avío agrícola. (Registro Público de la Propiedad y del Comercio),0,1,1,0,1,1,1,0,0,0,0,1,0,0,0,0,0,0,0,0,0,0,0,0,0,0,0,0,0,0,0,0,0,0,0,0,0,0,0,0,0,0,0,0,0,0,0,0,0,0,0,0,,
27,Inscripción de inmatriculación. (Registro Público de la Propiedad y del Comercio),1,1,0,0,1,1,1,0,0,0,1,0,0,0,0,0,1,0,0,0,0,0,1,1,1,0,0,0,0,0,0,0,0,0,0,0,0,0,0,0,0,0,0,0,0,0,1,1,1,1,0,0,,
28,Inscripción de informaciones posesorías. (Registro Público de la Propiedad y del Comercio),0,1,1,0,1,1,1,0,0,0,0,0,0,0,0,0,0,0,0,0,0,0,0,0,1,0,0,0,0,0,0,0,0,0,0,0,0,0,0,0,0,0,0,0,0,0,0,1,1,0,0,0,,
29,Inscripción de resoluciones de información Ad'perpetuam. (Registro Público de la Propiedad y del Comercio),0,1,0,0,1,1,1,0,0,0,0,0,0,0,0,0,0,0,0,0,0,0,0,0,1,0,0,0,0,0,1,0,0,0,0,0,0,0,0,0,0,0,0,0,0,0,0,1,1,0,0,0,,
30,Inscripción de la autorización para vender o gravar bienes de menores o incapaces. (Registro Público de la Propiedad y del Comercio),0,1,0,0,1,1,1,0,0,0,0,1,0,0,0,0,0,0,0,0,0,0,0,0,0,0,0,0,1,0,0,0,0,0,0,0,0,0,0,0,0,0,0,0,0,0,0,1,1,0,0,0,,
31,Inscripción de disolución de la sociedad conyugal en lo referente a bienes inmuebles. (Registro Público de la Propiedad y del Comercio),0,1,0,0,1,1,1,0,0,0,0,1,0,0,0,0,0,0,0,0,0,0,0,0,0,0,0,0,1,0,0,0,0,0,0,0,0,0,0,0,0,0,0,0,0,0,0,1,1,0,0,0,,
32,Inscripción de aportaciones de bienes inmuebles. (Registro Público de la Propiedad y del Comercio),0,1,1,0,1,1,1,0,0,0,0,1,0,0,0,0,0,0,0,0,0,0,0,0,1,0,0,0,0,0,0,0,0,0,0,0,0,0,0,0,0,0,0,0,0,0,0,1,1,0,0,0,,
33,Inscripción de fusión de predios. (Registro Público de la Propiedad y del Comercio),0,1,0,0,1,1,1,0,0,1,1,1,0,0,0,0,0,0,0,0,0,0,0,0,1,0,0,0,0,0,0,0,0,0,0,0,0,0,0,0,0,0,0,0,0,0,0,1,1,0,0,0,,
34,Inscripción de Accesión de Terrenos Rústicos (Registro Público de la Propiedad y del Comercio),0,1,1,0,1,1,1,0,0,0,1,1,0,0,0,0,0,0,0,0,0,0,0,0,1,0,0,0,0,0,0,0,0,0,0,0,0,0,0,0,0,0,0,0,0,0,0,1,1,0,0,0,,
35,Inscripción de accesión de construcciones (Registro Público de la Propiedad y del Comercio),0,1,1,0,1,1,1,0,0,0,1,1,0,0,0,0,0,0,0,0,0,0,0,0,1,0,0,0,0,0,0,0,0,0,0,0,0,0,0,0,0,0,0,0,0,0,0,1,1,0,0,0,,
36,Inscripción de todas las operaciones que impliquen transmisión de propiedad. (Registro Público de la Propiedad y del Comercio),0,1,1,0,1,1,1,0,0,0,1,1,0,0,0,0,0,0,0,0,0,0,0,0,1,0,0,0,0,0,0,0,0,0,0,0,0,0,0,0,0,0,0,0,0,0,0,1,1,0,0,0,,
37,Certificado de no Propiedad (Registro Público de la Propiedad y del Comercio),0,1,0,0,1,1,1,0,0,0,0,0,0,0,0,0,0,1,0,0,0,0,0,0,0,0,0,0,0,0,0,0,0,0,0,0,0,0,0,0,0,0,0,0,0,0,0,0,0,0,0,0,,
38,Certificado de Inscripción (Registro Público de la Propiedad y del Comercio),0,1,0,0,1,1,1,0,0,0,0,0,0,0,0,0,0,1,0,0,0,0,0,0,0,0,0,0,0,0,0,0,0,0,0,0,0,0,0,0,0,0,0,0,0,0,0,0,0,0,0,0,,
39,Certificado de Existencia o Inexistencia de Gravamen (Registro Público de la Propiedad y del Comercio),0,1,0,0,1,1,1,0,0,0,0,0,0,0,0,0,0,1,0,0,0,0,0,0,0,0,0,0,0,0,0,0,0,0,0,0,0,0,0,0,0,0,0,0,0,0,0,0,0,0,0,0,,
40,Certificado de no Inscripción (Registro Público de la Propiedad y del Comercio),0,1,0,0,1,1,1,0,0,0,1,0,0,0,0,0,0,1,1,0,0,0,0,0,0,0,0,0,0,0,0,0,0,0,0,0,0,0,0,0,0,0,0,0,0,0,1,0,0,0,1,1,,
41,"Certificaciones. (Registro Público de la Propiedad y del Comercio, Registro de Crédito Agrícola)",0,1,0,0,1,1,1,0,0,0,0,0,0,0,0,0,0,1,0,0,0,0,0,0,0,0,0,0,0,0,0,0,0,0,0,0,0,0,0,0,0,0,0,0,0,0,0,0,0,0,0,0,,
42,Cancelación,0,0,0,0,0,0,0,0,0,0,0,0,0,0,0,0,0,0,0,0,0,0,0,0,0,0,0,0,0,0,0,0,0,0,0,0,0,0,0,0,0,0,0,0,0,0,0,0,0,0,0,0,,
43,Cancelación de Actos Jurídicos (Registro Público de la Propiedad y del Comercio),1,1,0,1,0,0,1,0,0,0,0,0,0,0,0,0,0,0,0,1,0,0,0,0,0,0,0,0,0,0,0,0,0,0,0,0,0,0,0,0,0,0,0,0,0,0,0,0,0,0,0,0,,
44,Cancelación de Inscripción. (Registro Público de la Propiedad y del Comercio),0,1,1,0,1,1,1,0,0,0,0,0,0,0,0,0,0,0,0,0,0,0,0,0,0,0,0,0,0,0,0,0,0,0,0,0,0,0,0,0,0,0,0,0,0,0,0,0,0,0,0,0,,
45,Copias Certificadas en Libros o Folios (Registro Público de la Propiedad y del Comercio),0,1,0,0,1,1,1,0,0,0,0,0,0,0,0,0,0,1,0,0,0,0,0,0,0,0,0,0,0,0,0,0,0,0,0,0,0,0,0,0,0,0,0,0,0,0,0,0,0,0,0,0,,
46,Lotificación o subdivisión,0,0,0,0,0,0,0,0,0,0,0,0,0,0,0,0,0,0,0,0,0,0,0,0,0,0,0,0,0,0,0,0,0,0,0,0,0,0,0,0,0,0,0,0,0,0,0,0,0,0,0,0,,
47,Sustitución del Cargo de Albacea. (Registro Público de la Propiedad y del Comercio),0,1,0,0,1,1,1,0,0,0,0,0,0,0,0,0,0,0,0,0,0,0,0,0,0,0,0,0,1,0,0,0,0,0,0,0,0,0,0,0,0,0,0,0,0,0,0,0,0,0,0,0,,
48,otorgamirnto sustitución o revocación de poderes,0,0,0,0,0,0,0,0,0,0,0,0,0,0,0,0,0,0,0,0,0,0,0,0,0,0,0,0,0,0,0,0,0,0,0,0,0,0,0,0,0,0,0,0,0,0,0,0,0,0,0,0,,
49,Depósito de Testamento Ológrafo (Registro Público de la Propiedad y del Comercio),0,1,0,0,1,1,1,0,0,0,0,0,1,0,0,0,0,0,0,0,0,0,0,0,0,0,0,0,0,0,0,0,0,0,0,0,0,0,0,0,0,1,0,0,0,0,0,0,0,0,0,0,,
50,Cotejo de documentos no autentificados que deben destinarse al apéndice (Registro Público de la Propiedad y del Comercio),0,1,0,0,1,1,1,0,0,0,0,0,0,1,0,0,0,0,0,0,0,0,0,0,0,0,0,0,0,0,0,0,0,0,0,0,0,0,0,0,0,0,0,0,0,0,0,0,0,0,0,0,,
51,Ratificación de firmas. (Registro Público de la Propiedad y del Comercio),0,1,0,0,1,1,1,0,0,0,0,0,0,0,0,0,0,0,0,0,1,0,0,0,0,0,0,0,0,0,0,0,0,0,0,0,0,0,0,0,0,0,0,0,0,0,0,0,0,0,0,0,,
52,Disolución de sociedad conyugal,0,0,0,0,0,0,0,0,0,0,0,0,0,0,0,0,0,0,0,0,0,0,0,0,0,0,0,0,0,0,0,0,0,0,0,0,0,0,0,0,0,0,0,0,0,0,0,0,0,0,0,0,,
53,Actos inscribibles no previstos,0,0,0,0,0,0,0,0,0,0,0,0,0,0,0,0,0,0,0,0,0,0,0,0,0,0,0,0,0,0,0,0,0,0,0,0,0,0,0,0,0,0,0,0,0,0,0,0,0,0,0,0,,
54,Credito o hipoteca,0,0,0,0,0,0,0,0,0,0,0,0,0,0,0,0,0,0,0,0,0,0,0,0,0,0,0,0,0,0,0,0,0,0,0,0,0,0,0,0,0,0,0,0,0,0,0,0,0,0,0,0,,
55,Constitución de sociedades cooperativas,0,0,0,0,0,0,0,0,0,0,0,0,0,0,0,0,0,0,0,0,0,0,0,0,0,0,0,0,0,0,0,0,0,0,0,0,0,0,0,0,0,0,0,0,0,0,0,0,0,0,0,0,,
56,Disolución de la sociedad o liquidación,0,0,0,0,0,0,0,0,0,0,0,0,0,0,0,0,0,0,0,0,0,0,0,0,0,0,0,0,0,0,0,0,0,0,0,0,0,0,0,0,0,0,0,0,0,0,0,0,0,0,0,0,,
57,Transmisión de acciones,0,0,0,0,0,0,0,0,0,0,0,0,0,0,0,0,0,0,0,0,0,0,0,0,0,0,0,0,0,0,0,0,0,0,0,0,0,0,0,0,0,0,0,0,0,0,0,0,0,0,0,0,,
58,Busqueda por nombre,0,0,0,0,0,0,0,0,0,0,0,0,0,0,0,0,0,0,0,0,0,0,0,0,0,0,0,0,0,0,0,0,0,0,0,0,0,0,0,0,0,0,0,0,0,0,0,0,0,0,0,0,,
59,Rectificación,0,0,0,0,0,0,0,0,0,0,0,0,0,0,0,0,0,0,0,0,0,0,0,0,0,0,0,0,0,0,0,0,0,0,0,0,0,0,0,0,0,0,0,0,0,0,0,0,0,0,0,0,,
60,Salida sin registro,0,0,0,0,0,0,0,0,0,0,0,0,0,0,0,0,0,0,0,0,0,0,0,0,0,0,0,0,0,0,0,0,0,0,0,0,0,0,0,0,0,0,0,0,0,0,0,0,0,0,0,0,,
,,,,,,,,,,,,,,,,,,,,,,,,,,,,,,,,,,,,,,,,,,,,,,,,,,,,,,,
,,,,,,,,,,,,,,,,,,,,,,,,,,,,,,,,,,,,,,,,,,,,,,,,,,,,,,,
,,,,,,,,,,,,,,,,,,,,,,,,,,,,,,,,,,,,,,,,,,,,,,,,,,,,,,,
,,,,,,,,,,,,,,,,,,,,,,,,,,,,,,,,,, ,,,,,,,,,,,,,,,,,,,,,