nombre,secretaria,dependencia,municipio,subsecretaria,direccion_general,descripcion, Identificación oficial,Identificación del Representante Legal o Apoderado Legal,CURP,RFC,CURP o RFC,Pasaporte,Número de Teléfono,Correo Electrónico,Cedula de Identificación Fiscal,Carnet,Acta de Nacimiento,Comprobante de domicilio,Certificado de estudios,Certificado Total de Estudios de la carrera,"Ser micro, pequeña o mediana empresa de los sectores",Ser persona moral (PM) o personas física,Radicar en el Estado de Hidalgo,Tener 60 años o más,Credencial del Instituto Nacional de las Personas Adultas Mayores (INAPAM). Original. ,Licencia de conducir,Examen de manejo,Tarjeta de migración,Certificado Medico,Orden medica,Titulo profesional,Cedula profesional,Curriculum,Cedula de registro,Registro Profesional Estatal,Carta protesta,Carta compromiso,Fotografía ,Solicitud / Oficio / Escrito libre,Comprobante de Pago,Boleta de pago predial y clave catastral,Avaluo catastral,fotografías actuales del predio,Titulo de propiedad,Calendario y presupuesto ,Tarjeta de circulación,Firma Electrónica,CFDI,Croquis de localización,Constancia de capacitación,Póliza de seguro ,Fotografía de la caratula con la información de la CVV,Fotografía de la última hoja de la bitácora,Fotografía del ultimo holograma de verificación,Factura original,Boleto,Factura de Motor (en caso de cambio). ,Juego de placas metálicas o Acta ante el M.P. por robo o extravío (especificando delantera y/o trasera). ,Protesta de decir verdad,Enlistar cursos impartidos,Ser egresado de Bachillerato Tecnológico o Instituciones de Educación Superior,Ser mayor de 18 años y menores de 29 años,Haber cubierto el 100% de los créditos que marca el programa educativo de la institución,Fianza,Comprobante de domicilio del fabricante,Tarjeton,Estados Financieros originales,estados de cuenta bancarios,expediente integrado,Formato con los datos generales de la Sociedad , Factura o carta factura anexando copia de la factura de origen.,"Factura, Refacturación, Factura Judicial, Título de propiedad o Acta levantada",Documento que acredite la legal estancia en el país en caso de ser vehículo de procedencia extranjera.,Constancia de cumplimiento de servicio social,Acta de examen profesional o constancia de no ser exigible,Oficio del juez,Constancias de No Infracción,Constancia de no afectación,Constancia ejidal,"Certificado médico, credencial vigente otorgada por el DIF o el CRIH que acredite la discapacidad ",contrato ó tabla pagaré,Factibilidades,Declaración normal y/o complementaria,Documento que acredite estar al corriente en el pago del impuesto predial,Bitácora de mantenimiento,Certificado de holograma,"Contrato de Compra-Venta, Cesión de Derechos o Carta Responsiva. ",Constancia de posesión,Constancia del Órgano Ejidal que acredite que no pertenece a bienes ejidales o comunales,Constancia que acredite que el inmueble no pertenece a bienes de dominio público,Plano y croquis,Certificado de no inscripción,Escritura pública del inmueble / contrato de arrendamiento / contrato de comodato,Copia de Identificación oficial con fotografía del Vendedor en su caso.,Certificado de antiguedad,Constancia de viabilidad ,Dictamen de impacto urbano y vial,Factibilidad de Riesgos,Evaluación de impacto ambiental,Copia certificada,copia auténtica de la denuncia ,Documento que acredite la propiedad de los terrenos,Georreferenciación del predio o parcela ,Licencia de uso de suelo,Constancia de uso de suelo,Acreditación de la personalidad jurídica,Términos de Referencia ,Autorización de uso de nombre o razón social,Bitácora de control de residuos de manejo especial,Información de la “Guía para la elaboración del plan de manejo”,Promesa de compraventa o cotización del equipo,Manifestación de Impacto Ambiental,"Instrumento para acreditar que se haya designado el representante legal para efectos fiscales,",Constancia de revalidación de estudios,Testimonio notarial,Copias auténticas de la carpeta de investigación instaurada ante el Ministerio Público,"copia autentica de la carpeta de investigación, reporte de robo, acta correspondiente de robo y/o acta de hechos de transito terrestrC",copia simple de acta de recuperación del vehículo,reporte de siniestro por la aseguradora,Documentos probatorios,Copia simple de facturas fiscales ,Constancias de taller mecánico,Estudio de Impacto en la Movilidad,Ficha universal de pago,Documentación que acredite la autorización para desarrollar la prestación de los servicios turísticos.,Carta constitutiva,Formato de revista,Oficio de autorización expedido por el Sistema de Transporte Convencional de Hidalgo.,"Archivo fotográfico del equipo de que se trate,",Carta de visto bueno,Receta médica expedida por la institución de salud pública,Declaración Provisional o Pago Definitivo de Impuestos Federales,Hoja de referencia,Documento de baja,Presentar la calca o fotografía del VIN impresa. ,Solicitud de protocolo de titulación,"Formato de Autorizaciones, Certificados y Visitas, debidamente requisitado",Certificado de libertad de gravamen,Conocer el monto de su base gravable y capturarla,Finiquito actualizado,Señalar que se trata de registro nuevo,Término para aplicar la renovación,Documentos que acreditan conocimientos,Registro como capacitador,Formato del diploma,Copia de la Carpeta básica,"Acta de Delimitación, Destino y Asignación de Tierras Ejidales",Copia del plano donde se ubica el sitio propuesto,Copia del acta de asamblea,Copia de la escritura pública.,Plano del polígono ,Escrito de solicitud de prórroga,Escrito de solicitud de ampliación de prórroga,Archivo fotográfico a color ,Documento que acredita la propiedad del vehiculo,"Aprobar la visita técnica de verificación o visita de supervisión,",Programa de prevención y atención de contingencias,Copia certificada o cotejada del contrato o convenio con cada una de las empresas,Copia certificada o cotejada en caso de presentar Contrato de Arrendamiento,"Licencia ambiental, Permiso y/o Autorización ambiental ",Opinión Técnica de Factibilidad en materia de protección civil,Plano arquitectonico,Plano topográfico con coordenadas,Estudio del Informe Preventivo,Planos con firma autógrafa del Director Responsable,Escrito que avale la nula afectación,Programa de rehabilitación ecológica,Autorización vigente por parte de la Secretaría de la Defensa Nacional.,Acto Impugnado,Dictamen Pericial,Pruebas documentales,Constancia de Notificación del acto impugnado,Solicitud de Dictamen,Croquis de localización,Carta poder,Poder Notarial o carta poder,Forma migratoria de la Autoridad Competente,Proyecto ,Anteproyecto arquitectónico,memoria descriptiva,Ficha técnica del equipo,Diagrama de bloque o flujo,Toma de huellas por parte del Consulado,Oficio del consulado dirigido a la PGJH,Curriculum de facturas ,"Registro ante el INSABI o su equivalente, IMSS o ISSSTE","Registro patronal en el Instituto Mexicano del Seguro
Social (IMSS)",Citatorio y/o Acta de Notificación del Crédito Fiscal,Documentación soporte de la garantía del interés fiscal,Declaración Anual del Impuesto Sobre la Renta (ISR),acta constitutiva y acta de poderes,Acta Constitutiva / Escritura,Estar inscrito en el Sistema Integral Tributario (e-sit) ,Accesar con usuario y con clave de acceso. ,Constancia de situación fiscal
Inscripción al Registro Estatal de Contribuyentes Notarios Públicos de otra Entidad Federativa,Secretaría de Hacienda,Secretaría de Hacienda,0,Subsecretaría de Ingresos,Dirección General de Recaudación,Dar servicio a los fedatarios públicos que se encuentran ubicados fuera de la entidad federativa.,1,0,1,0,0,0,0,0,0,0,0,1,0,0,0,0,0,0,0,0,0,0,0,0,0,0,0,0,0,0,0,0,0,0,0,0,0,0,0,0,0,0,0,0,0,0,0,0,0,0,0,0,0,0,0,0,0,0,0,0,0,0,0,0,0,0,0,0,0,0,0,0,0,0,0,0,0,0,0,0,0,0,0,0,0,0,0,0,0,0,0,0,0,0,0,0,0,0,0,0,0,0,0,0,0,0,0,0,0,0,0,0,0,0,0,0,0,0,0,0,0,0,0,0,0,0,0,0,0,0,0,0,0,0,0,0,0,0,0,0,0,0,0,0,0,0,0,0,0,0,0,0,0,0,0,0,0,0,0,0,0,0,0,0,0,0,0,0,0,1,0,0,0,0,0,0,0,0,0,0,0,0,0,0,0,1,0,0,0
Expedición de Permiso de circulación.,Secretaría de Hacienda,Secretaría de Hacienda,0,Subsecretaría de Ingresos,Dirección General de Recaudación,"TRÁMITES RELACIONADOS CON EL TRASLADO DE VEHÍCULOS DE TRANSPORTE PRIVADO

• Expedición de permiso de circulación para vehículos nuevos.
• Expedición de permiso de circulación para vehículos que previamente hayan realizado la baja del Registro Vehicular Estatal.

La expedición de permiso de circulación,  es para aquellos vehículos nuevos adquiridos en las Agencias dentro del Estado de Hidalgo cuyos  propietarios cuentan con domicilio de otra entidad federativa y para aquellos vehículos que hayan realizado su baja del padrón vehicular Estatal.

El permiso para ambos casos tiene una vigencia máxima de 15 días naturales, contados a partir de la fecha de la expedición.",1,0,0,0,0,0,0,0,0,0,0,0,0,0,0,0,0,0,0,0,0,0,0,0,0,0,0,0,0,0,0,0,0,0,0,0,0,0,0,0,0,0,0,0,0,0,0,0,0,0,0,1,0,0,0,0,0,0,0,0,0,0,0,0,1,0,0,0,0,0,0,0,0,0,0,0,0,0,0,0,0,0,0,0,0,0,0,0,0,0,0,0,0,0,0,0,0,0,0,0,0,0,0,0,0,0,0,0,0,0,0,0,0,0,0,0,0,0,0,0,0,0,0,0,0,0,0,1,0,0,0,0,0,0,0,0,0,0,0,0,0,0,0,0,0,0,0,0,0,0,0,0,0,0,0,0,0,0,0,0,0,0,0,0,0,0,0,0,0,1,0,0,0,0,0,0,0,0,0,0,0,0,0,0,0,0,0,0,0
Compensación por concepto de pago de lo indebido estatal,Secretaría de Hacienda,Secretaría de Hacienda,0,Subsecretaría de Ingresos,Dirección General de Recaudación,"Tramite a través del cual las personas físicas o morales, que realizaron un pago de lo indebido de los impuestos estatales (Sobre Nóminas, Hospedaje, Honorarios y del Impuesto Sobre Loterías, Rifas, Sorteos y Concursos)  y generaron un depósito duplicado o con saldo a favor mediante declaración, pueden optar por compensar las cantidades, mediante solicitud por escrito.",1,0,0,0,0,0,0,0,0,0,0,0,0,0,0,0,0,0,0,0,0,0,0,0,0,0,0,0,0,0,0,0,1,1,0,0,0,0,0,0,0,0,0,0,0,0,0,0,0,0,0,0,0,0,0,0,0,0,0,0,0,0,0,0,0,0,0,0,0,0,0,0,0,0,0,0,1,0,0,0,0,0,0,0,0,0,0,0,0,0,0,0,0,0,0,0,0,0,0,0,0,0,0,0,0,0,0,0,0,0,0,0,0,0,0,0,0,0,0,0,0,0,0,0,0,0,0,0,0,0,0,0,0,0,0,0,0,0,0,0,0,0,0,0,0,0,0,0,0,0,0,0,0,0,0,0,0,0,0,0,0,0,0,0,0,0,0,0,0,0,0,0,0,0,0,0,0,0,0,0,0,0,0,0,0,0,0,0,0
Compensación de Pagos de Impuestos Federales Coordinados,Secretaría de Hacienda,Secretaría de Hacienda,0,Subsecretaría de Ingresos,Dirección General de Recaudación,"Recibir, verificar y resolver las solicitudes de los contribuyentes obligados a pagar mediante declaración podrán optar por compensar las cantidades que tengan a su favor contra las que estén obligados a pagar por adeudo propio, de impuestos federales coordinados como son el Régimen de Pequeños Contribuyentes, Impuesto Especial Sobre Productos y Servicios a la Gasolina y Diésel, Régimen Intermedio de las Personas Físicas con Actividades Empresariales e Impuesto Sobre Automóviles Nuevos.",1,0,0,0,0,0,0,0,0,0,0,0,0,0,0,0,0,0,0,0,0,0,0,0,0,0,0,0,0,0,0,0,1,1,0,0,0,0,0,0,0,0,0,0,0,0,0,0,0,0,0,0,0,0,0,0,0,0,0,0,0,0,0,0,0,0,0,0,0,0,0,0,0,0,0,0,1,0,0,0,0,0,0,0,0,0,0,0,0,0,0,0,0,0,0,0,0,0,0,0,0,0,0,0,0,0,0,0,0,0,0,0,0,0,0,0,0,0,0,0,0,0,0,0,0,0,0,0,0,0,0,0,0,0,0,0,0,0,0,0,0,0,0,0,0,0,0,0,0,0,0,0,0,0,0,0,0,0,0,0,0,0,0,0,0,0,0,0,0,0,0,0,0,0,0,0,0,0,0,0,0,0,0,0,0,0,0,0,0
Cambio de Propietario,Secretaría de Hacienda,Secretaría de Hacienda,0,Subsecretaría de Ingresos,Dirección General de Recaudación,"*Trámites relacionados con el Cambio de Propietario que NO GENERE CANJE DE PLACAS: 

Actualización de Datos en el Padrón Vehicular Estatal Vehículos Nacionales o Extranjeros
Impuesto sobre Adquisición de Vehículos Usados (cambio de propietario)
         • Particulares.
         • Antiguos.
         • Vehículos para el transporte de personas discapacitadas.
         • Vehículos destinados al transporte público (Transferencia de Concesión).

*Trámites relacionados con el Cambio de Propietario que GENERE CANJE DE PLACAS: 
      
Actualización de Datos en el Padrón Vehicular Estatal Vehículos Nacionales o Extranjeros
Impuesto sobre Adquisición de Vehículos Usados (cambio de propietario)
        • Particulares.
        • Antiguos.
        • Vehículos para el transporte de personas discapacitadas. 
        • Remolques.
        • Motocicletas.
        • Vehículos destinados al transporte público (Transferencia de Concesión).

Las personas adquirientes de vehículos registrados en el Estado de Hidalgo con domicilio en esta entidad, deberán realizar su cambio de propietario dentro de los 15 días hábiles siguientes a la fecha de adquisición, en caso de contar con adeudos deberán realizar los pagos para poder registrarlos a su nombre.",1,0,1,0,0,0,0,0,0,0,0,1,0,0,0,0,0,0,0,0,0,0,0,0,0,0,0,0,0,0,0,0,0,0,0,0,0,0,0,0,0,0,0,0,0,0,0,0,0,0,1,1,0,0,0,0,0,0,0,0,0,0,0,0,0,1,1,0,0,0,0,0,0,1,0,0,0,0,0,0,1,0,0,0,0,0,0,1,0,0,0,0,0,0,0,0,0,0,0,0,0,0,0,0,0,0,0,0,0,0,0,0,0,0,0,0,0,0,0,0,1,1,0,0,0,0,0,0,0,0,0,0,0,0,0,0,0,0,0,0,0,0,0,0,0,0,0,0,0,0,0,0,0,0,0,0,0,0,0,0,0,0,0,0,0,0,0,0,0,1,0,0,0,0,0,0,0,0,0,0,0,0,0,0,0,1,0,0,0
Alta de vehículo de transporte público,Secretaría de Hacienda,Secretaría de Hacienda,0,Subsecretaría de Ingresos,Dirección General de Recaudación,"TRÁMITES RELACIONADOS CON ALTA DE VEHÍCULOS DE TRANSPORTE PÚBLICO (NUEVO, USADO, NACIONAL O EXTRANJERO, TRANSFERENCIA DE CONCESIÓN):

Vehículos de Transporte Público
• Alta de vehículos de transporte público.

Cambio de Propietario
• Actualización de datos que de origen al canje de placas metálicas.
• Transferencia de concesión (Impuesto sobre Adquisición de Vehículos Usados).

• Consultas realizadas a otras dependencias relacionadas con trámites de control vehicular.

Registrar en el Padrón Vehicular los vehículos destinados al servicio público, unidades nuevas, usadas o provenientes de otros estados.",1,0,1,0,0,0,0,0,1,0,0,1,0,0,0,0,0,0,0,0,0,0,0,0,0,0,0,0,0,0,0,0,0,0,0,0,0,0,0,0,0,0,0,0,0,0,0,0,0,0,1,1,0,0,0,0,0,0,0,0,0,0,0,0,0,1,1,0,0,0,0,0,0,1,0,0,0,0,0,0,1,0,0,0,0,0,0,1,0,0,0,0,0,0,0,0,0,0,0,0,0,0,0,0,0,0,0,0,0,0,0,0,0,0,0,0,0,0,0,0,1,1,0,0,0,0,0,0,0,0,0,0,0,0,0,0,0,0,0,0,0,0,0,0,0,0,0,0,0,0,0,0,0,0,0,0,0,0,0,0,0,0,0,0,0,0,0,0,0,1,0,0,0,0,0,0,0,0,0,0,0,0,0,0,0,1,0,0,0
Impuesto sobre Tenencia y Refrendo Vehicular (transporte público),Secretaría de Hacienda,Secretaría de Hacienda,0,Subsecretaría de Ingresos,Dirección General de Recaudación,"• Impuesto sobre Tenencia o Uso de vehículos.
• Refrendo de vehículos destinados al transporte público.

Pago de obligaciones y/o derechos por el uso de placas de circulación del Estado de Hidalgo de vehículos del servicio público.",1,0,1,0,0,0,0,0,1,0,0,1,0,0,0,0,0,0,0,0,0,0,0,0,0,0,0,0,0,0,0,0,0,1,0,0,0,0,0,0,0,0,0,0,0,0,0,0,0,0,1,1,0,0,0,0,0,0,0,0,0,0,0,0,0,1,1,0,0,0,0,0,0,0,0,0,0,0,0,0,1,0,0,0,0,0,0,0,0,0,0,0,0,0,0,0,0,0,0,0,0,0,0,0,0,0,0,0,0,0,0,0,0,0,0,0,0,1,0,0,1,1,0,0,0,0,0,0,0,0,0,0,0,0,0,0,0,0,0,0,0,0,0,0,0,0,0,0,0,0,0,0,0,0,0,0,0,0,0,0,0,0,0,0,0,0,0,0,0,1,0,0,0,0,0,0,0,0,0,0,0,0,0,0,0,1,0,0,0
Licitaciones Públicas,Oficialía Mayor,Oficialía Mayor,Pachuca De Soto,0,Dirección General de Compras Públicas,"Consultar la publicación de las bases de las convocatorias para participar en el proceso de Licitación, junta de aclaraciones, presentación y apertura de proposiciones, y acto público en el que se da a conocer el fallo para la adquisición de bienes y/o contratación de servicios.",0,0,0,0,0,0,0,0,0,0,0,0,0,0,0,0,0,0,0,0,0,0,0,0,0,0,0,0,0,0,0,0,0,0,0,0,0,0,0,0,0,0,0,0,0,0,0,0,0,0,0,0,0,0,0,0,0,0,0,0,0,0,0,0,0,0,0,0,0,0,0,0,0,0,0,0,0,0,0,0,0,0,0,0,0,0,0,0,0,0,0,0,0,0,0,0,0,0,0,0,0,0,0,0,0,0,0,0,0,0,0,0,0,0,0,0,0,0,0,0,0,0,0,0,0,0,0,0,0,0,0,0,0,0,0,0,0,0,0,0,0,0,0,0,0,0,0,0,0,0,0,0,0,0,0,0,0,0,0,0,0,0,0,0,0,0,0,0,0,0,0,0,0,0,0,0,0,0,0,0,0,0,0,0,0,0,0,0,0
Visita Guiada al Parque Nacional El Chico,Secretaría de Medio Ambiente y Recursos Naturales,Secretaría de Medio Ambiente y Recursos Naturales,0,0,0,"Área natural protegida con cuatro campamentos y un Centro de Visitantes, que incluye senderos auto-guiados, cuyo objetivo es contactar al turista con la naturaleza.
Refugios
Campamento
Ciclismo
Visitante acreditado
Eventos deportivos",0,0,0,0,0,0,0,0,0,0,0,0,0,0,0,0,0,0,0,0,0,0,0,0,0,0,0,0,0,0,0,0,0,1,0,0,0,0,0,0,0,0,0,0,0,0,0,0,0,1,0,0,0,0,0,0,0,0,0,0,0,0,0,0,0,0,0,0,0,0,0,0,0,0,0,0,0,0,0,0,0,0,0,0,0,0,0,0,0,0,0,0,0,0,0,0,0,0,0,0,0,0,0,0,0,0,0,0,0,0,0,0,0,0,0,0,0,0,0,0,0,0,0,0,0,0,0,0,0,0,0,0,0,0,0,0,0,0,0,0,0,0,0,0,0,0,0,0,0,0,0,0,0,0,0,0,0,0,0,0,0,0,0,0,0,0,0,0,0,0,0,0,0,0,0,0,0,0,0,0,0,0,0,0,0,0,0,0,0
Verificación Vehicular para Adquisición de Holograma Exento,Secretaría de Medio Ambiente y Recursos Naturales,Secretaría de Medio Ambiente y Recursos Naturales,0,0,0,"La Constancia tipo exento “E” se otorgará a los vehículos matriculados en el Estado de Hidalgo, que por su tecnología no pueden ser aplicado el protocolo de pruebas de la verificación vehicular, quedando exentos de la misma y de las limitaciones a la circulación establecidas en el Acuerdo “Hoy No Circula” y el Programa para Contingencias Ambientales. Es necesario, que su vehiculo se encuentre dentro del listado de vehículos candidatos al holograma exento (REVISAR APARTADO DE LIGAS).",1,0,0,0,0,0,0,0,0,0,0,1,0,0,0,0,0,0,0,0,0,0,0,0,0,0,0,0,0,0,0,0,0,1,0,0,0,0,0,1,0,0,0,0,0,0,0,0,0,0,0,0,0,0,0,0,0,0,0,0,0,0,0,0,0,1,0,0,0,0,0,0,0,0,0,0,0,0,1,1,0,0,0,0,0,0,0,0,0,0,0,0,0,0,0,0,0,0,0,0,0,0,0,0,0,0,0,0,0,0,0,0,0,0,0,0,0,0,0,0,0,0,0,0,0,0,0,0,0,0,0,0,0,0,0,0,0,0,0,0,0,0,0,0,0,0,0,0,0,0,0,0,0,0,0,0,0,0,0,0,0,0,0,0,0,0,0,0,0,1,0,0,0,0,0,0,0,0,0,0,0,0,0,0,0,1,0,0,0
Solicitud de Autorización de Bitácora y Expedición de Gafetes de Acreditación del Personal de los Centros de Verificación Vehicular,Secretaría de Medio Ambiente y Recursos Naturales,Secretaría de Medio Ambiente y Recursos Naturales,0,0,0,"Identificarse como parte del personal que labora en la Unidad de Verificación Vehicular, así como es necesario.
La bitácora de operación y mantenimiento, la cual permite contar con un registro diario de la operación del Centro  de Verificación Vehicular, así como los incidentes presentados",0,0,0,0,0,0,0,0,0,0,0,0,0,0,0,0,0,0,0,0,0,0,0,0,0,0,0,0,0,0,0,0,0,0,0,0,0,0,0,0,0,0,0,0,0,1,1,0,0,0,0,0,0,0,0,0,0,0,0,0,0,0,0,0,0,0,0,0,0,0,0,0,0,0,0,0,0,0,0,0,0,0,0,0,0,0,0,0,0,0,0,0,0,0,0,0,0,0,0,0,0,0,0,0,0,0,0,0,0,0,0,0,0,0,0,0,0,0,0,0,0,0,0,0,0,0,0,0,0,0,0,0,0,0,0,0,0,0,0,0,0,0,0,0,0,0,0,0,0,0,0,0,0,0,0,0,0,0,0,0,0,0,0,0,0,0,0,0,0,0,0,0,0,0,0,0,0,0,0,0,0,0,0,0,0,0,0,0,0
Reposición de Certificado de Verificación Vehicular,Secretaría de Medio Ambiente y Recursos Naturales,Secretaría de Medio Ambiente y Recursos Naturales,0,0,0,"En caso de robo o extravío del certificado original anterior, podrá solicitar a la Secretaría de Medio Ambiente y Recursos Naturales de Hidalgo, la reposición de su certificado de verificación vehicular.",0,0,0,0,0,0,0,0,0,0,0,0,0,0,0,0,0,0,0,0,0,0,0,0,0,0,0,0,0,0,0,0,0,0,0,0,0,0,0,1,0,0,0,0,0,0,0,1,0,0,0,0,0,0,0,0,0,0,0,0,0,0,0,0,0,0,0,0,0,0,0,0,0,0,0,0,0,0,0,0,0,0,0,0,0,0,0,0,0,0,0,0,0,0,0,0,0,0,0,0,0,0,0,0,0,0,0,0,0,0,0,0,0,0,0,0,0,0,0,0,0,0,0,0,0,0,0,0,0,0,0,0,0,0,0,0,0,0,0,0,0,0,0,0,0,0,0,0,0,0,0,0,0,0,0,0,0,0,0,0,0,0,0,0,0,0,0,0,0,0,0,0,0,0,0,0,0,0,0,0,0,0,0,0,0,0,0,0,0
Renovación de Autorización de Centros de Verificación Vehicular,Secretaría de Medio Ambiente y Recursos Naturales,Secretaría de Medio Ambiente y Recursos Naturales,0,0,0,"Es la factibilidad técnica, legal y administrativa en la legislación ambiental y lineamientos para el Funcionamiento de la Red Estatal de Centros de Verificación Vehicular o Unidades de Verificación Vehicular, para la renovación de autorización de los centros de verificación vehicular o unidad de verificación vehicular.",0,0,0,0,0,0,0,0,0,0,0,0,0,0,0,0,0,0,0,0,0,0,0,0,0,0,0,0,0,0,0,0,1,0,0,0,0,0,0,0,0,0,0,0,0,0,0,0,0,0,0,0,0,0,0,0,0,0,0,0,0,0,1,0,0,0,0,0,0,0,0,0,0,0,0,0,0,0,0,0,0,0,0,0,0,0,0,0,0,0,0,0,0,0,0,0,0,0,0,0,0,0,0,0,0,0,0,0,0,0,0,0,0,0,0,0,0,0,0,0,0,0,0,0,0,0,0,0,0,0,0,0,0,0,0,0,0,0,0,0,0,0,0,0,0,0,0,0,0,0,0,0,0,0,0,0,0,0,0,0,0,0,0,0,0,0,0,0,0,0,0,0,0,0,0,0,0,0,0,0,0,0,0,0,0,0,0,0,0
Opinión Técnica en Materia Ambiental,Secretaría de Medio Ambiente y Recursos Naturales,Secretaría de Medio Ambiente y Recursos Naturales,0,0,0,Documento mediante el cual se le da a conocer las obligaciones ambientales que deben cumplimentar un desarrollo y la factibilidad del mismo en congruencia con el ordenamiento ecológico del territorio.,0,0,0,0,0,0,0,0,0,0,0,0,0,0,0,0,0,0,0,0,0,0,0,0,0,0,0,0,0,0,0,0,1,0,0,0,1,1,0,0,0,0,1,0,0,0,0,0,0,0,0,0,0,0,0,0,0,0,0,0,0,0,0,0,0,0,0,0,0,0,0,0,0,0,0,0,0,0,0,0,0,0,0,0,1,0,0,0,0,0,0,0,0,0,0,0,0,0,0,1,0,0,0,0,0,0,0,0,0,0,0,0,0,0,0,0,0,0,0,0,0,0,0,0,0,0,0,0,0,0,0,0,0,0,0,0,0,0,0,0,0,0,0,0,0,0,0,0,0,0,0,0,0,0,0,0,0,0,0,0,0,0,0,0,0,0,0,0,0,0,0,0,0,0,0,0,0,0,0,0,0,0,0,0,0,0,0,0,0
Obtención de la Autorización de Impacto Ambiental,Secretaría de Medio Ambiente y Recursos Naturales,Secretaría de Medio Ambiente y Recursos Naturales,0,0,0,"De conformidad con el artículo 36 y 37 de la Ley para la Protección al Ambiente del Estado de Hidalgo, la evaluación de impacto ambiental es el procedimiento a través del cual la Secretaría evalúa y en su caso, establece las condiciones a que se sujetará la realización de las obras y actividades que realice el sector público o privado, con la finalidad de prevenir, evitar o reducir el desequilibrio ecológico o que rebasen los límites y condiciones establecidas en las disposiciones aplicables para proteger el ambiente.

De conformidad con el artículo 38 para obtener la Autorización de Impacto Ambiental, los interesados deberán presentar a la Secretaría un Informe Preventivo o una Manifestación de Impacto ambiental

De conformidad con el artículo 39 de la Ley para la Protección al Ambiente del Estado de Hidalgo, requerirá la presentación de un Informe Preventivo, cuando:

I. Existan normas técnicas ecológicas estatales u otras disposiciones que regulen las emisiones, las descargas, generación o disposición, el aprovechamiento de recursos naturales y, en general, todos los impactos ambientales relevantes que puedan producir las obras o actividades…”
II. Las obras o actividades de que se trate estén expresamente previstas en los planes de desarrollo urbano o programas de ordenamiento ecológico territorial aplicables, que hayan sido evaluados en materia del impacto ambiental por la Secretaría…”
III. Se instalen en zonas o parques industriales autorizados por la Secretaría en materia de impacto ambiental…”

Para obtener la autorización del Informe Preventivo Explotación de bancos pétreos e Industria ubicada en un Parque Industrial que cuente con Resolución en Materia de Impacto Ambiental, el promovente deberá presentar la documentación debidamente requisitada.",1,0,0,0,0,0,0,0,0,0,0,0,0,0,0,0,0,0,0,0,0,0,0,0,0,0,0,0,0,0,0,0,0,1,0,0,0,0,0,0,0,0,0,0,0,0,0,0,0,0,0,0,0,0,0,0,0,0,0,0,0,0,0,0,0,1,0,0,0,0,0,0,0,0,0,0,0,0,0,0,0,0,0,0,0,0,0,0,0,1,0,0,0,0,0,0,0,0,0,1,0,0,0,0,0,1,0,0,0,0,0,0,0,0,0,0,0,0,0,0,0,0,0,0,0,0,0,0,0,0,0,0,0,0,0,0,0,0,0,0,0,0,1,0,0,0,0,0,0,0,0,0,0,0,1,0,1,1,1,1,1,1,0,0,0,0,0,0,0,0,0,0,0,0,0,0,0,0,0,0,0,0,0,0,0,0,0,0,0
Modificación al Plan de Manejo de Residuos Sólidos de Manejo Especial,Secretaría de Medio Ambiente y Recursos Naturales,Secretaría de Medio Ambiente y Recursos Naturales,0,0,0,"La Modificación del Plan de Manejo de Residuos de Manejo Especial, en conformidad con el artículo 40 fracción XXII inciso e, de la Ley Estatal de Derechos de Hidalgo, tiene la finalidad de informar algún cambio en su proceso que implique un aumento, reducción, alta o baja de un residuo de acuerdo a lo que se refiere en el Plan de Manejo de Residuos de Manejo Especial inicial.",0,0,0,0,0,0,0,0,0,0,0,0,0,0,0,0,0,0,0,0,0,0,0,0,0,0,0,0,0,0,0,0,1,1,0,0,0,0,0,0,0,0,0,0,0,0,0,0,0,0,0,0,0,0,0,0,0,0,0,0,0,0,0,0,0,0,0,0,0,0,0,0,0,0,0,0,0,0,0,0,0,0,0,0,0,0,0,0,0,0,0,0,0,0,0,0,0,0,0,0,0,0,0,1,0,0,0,0,0,0,0,0,0,0,0,0,0,0,0,0,0,0,0,0,0,0,0,0,0,0,0,0,0,0,0,0,0,0,0,0,0,0,0,0,0,0,0,0,0,0,0,0,0,0,0,0,0,0,0,0,0,0,0,0,0,0,0,0,0,0,0,0,0,0,0,0,0,0,0,0,0,0,0,0,0,0,0,0,0
Donación de Planta Forestal para Reforestación,Secretaría de Medio Ambiente y Recursos Naturales,Secretaría de Medio Ambiente y Recursos Naturales,0,0,0,Apoyo con donación de planta a beneficiarios para la ejecución de obras de reforestación y restauración ecológica para contribuir con la preservación del medio ambiente a nivel estado.,0,0,0,0,0,0,0,0,0,0,0,0,0,0,0,0,0,0,0,0,0,0,0,0,0,0,0,0,0,0,0,0,1,0,0,0,0,0,0,0,0,0,0,0,0,0,0,0,0,0,0,0,0,0,0,0,0,0,0,0,0,0,0,0,0,0,0,0,0,0,0,0,0,0,0,0,0,0,0,0,0,0,0,0,0,0,0,0,0,0,0,0,0,0,0,0,0,0,0,0,0,0,0,0,0,0,0,0,0,0,0,0,0,0,0,0,0,0,0,0,0,0,0,0,0,0,0,0,0,0,0,0,0,0,0,0,0,0,0,0,0,0,0,0,0,0,0,0,0,0,0,0,0,0,0,0,0,0,0,0,0,0,0,0,0,0,0,0,0,0,0,0,0,0,0,0,0,0,0,0,0,0,0,0,0,0,0,0,0
Compulsa de documentos,Secretaría de Medio Ambiente y Recursos Naturales,Secretaría de Medio Ambiente y Recursos Naturales,0,0,0,"Es la comparación de un documento con otro, para dar fe de que el mismo es copia fiel del original que se ha tenido a la vista.",0,0,0,0,0,0,0,0,0,0,0,0,0,0,0,0,0,0,0,0,0,0,0,0,0,0,0,0,0,0,0,0,0,0,0,0,0,0,0,0,0,0,0,0,0,0,0,0,0,0,0,0,0,0,0,0,0,0,0,0,0,0,0,0,0,0,0,0,0,0,0,0,0,0,0,0,0,0,0,0,0,0,0,0,0,0,0,0,0,0,0,0,0,0,0,0,0,0,0,0,0,0,0,0,0,0,0,0,0,0,0,0,0,0,0,0,0,0,0,0,0,0,0,0,0,0,0,0,0,0,0,0,0,0,0,0,0,0,0,0,0,0,0,0,0,0,0,0,0,0,0,0,0,0,0,0,0,0,0,0,0,0,0,0,0,0,0,0,0,0,0,0,0,0,0,0,0,0,0,0,0,0,0,0,0,0,0,0,0
Bitácora de Operación de Equipos y Procesos Generadores de Emisiones a la Atmósfera,Secretaría de Medio Ambiente y Recursos Naturales,Secretaría de Medio Ambiente y Recursos Naturales,0,0,0,"De conformidad con el artículo 132 fracción VII de la Ley para la Protección al Ambiente del Estado de Hidalgo, los sectores de jurisdicción estatal, que por su operación y funcionamiento emitan o puedan emitir ruidos que rebasen los límites máximos permisibles, olores, gases o partículas sólidas o líquidas a la atmósfera, deberán contar con una bitácora de operación y mantenimiento de sus equipos de combustión, proceso y control, a fin de que cuenten con una herramienta de verificación que permita conocer el porcentaje de eficiencia de actividades y equipos.",0,0,0,0,0,0,0,0,0,0,0,0,0,0,0,0,0,0,0,0,0,0,0,0,0,0,0,0,0,0,0,0,1,0,0,0,0,0,0,0,0,0,0,0,0,0,0,0,0,0,0,0,0,0,0,0,0,0,0,0,0,0,0,0,0,0,0,0,0,0,0,0,0,0,0,0,0,0,0,0,0,0,0,0,0,0,0,0,0,0,0,0,0,0,0,0,0,0,0,0,0,0,0,0,0,0,1,0,0,0,0,0,0,0,0,0,0,0,0,0,0,0,1,0,0,0,0,0,0,0,0,0,0,0,0,0,0,0,0,0,0,0,0,0,0,0,0,0,0,0,0,0,0,0,0,0,0,0,0,0,0,0,0,0,0,0,0,0,0,0,0,0,0,0,1,1,0,0,0,0,0,0,0,0,0,0,0,0,0
Autorización de cambio de domicilio del Centro de Verificación Vehicular fijo,Secretaría de Medio Ambiente y Recursos Naturales,Secretaría de Medio Ambiente y Recursos Naturales,0,0,0,"Es la factibilidad técnica, legal y administrativa soportada en la legislación ambiental y Lineamientos para el Funcionamiento de la Red Estatal de Centros de Verificación Vehicular, para el año 2025, primer semestre, para la autorización de cambio de domicilio de los Centros de Verificación Vehicular fijos en otro lugar, precisando que deberá ser dentro del mismo municipio en el que se encuentre autorizado su operación.",0,0,0,0,0,0,0,0,0,0,0,0,0,0,0,0,0,0,0,0,0,0,0,0,0,0,0,0,0,0,0,0,1,0,0,0,0,0,0,0,0,0,1,0,0,0,0,0,0,0,0,0,0,0,0,0,0,0,0,0,0,0,0,0,0,0,0,0,0,0,0,0,0,0,0,0,0,0,0,0,0,0,0,0,0,0,0,0,0,0,0,0,0,0,0,0,0,0,0,0,0,0,0,0,0,0,0,0,0,0,0,0,0,0,0,0,0,0,0,0,0,0,0,0,0,0,0,0,0,0,0,0,0,0,0,0,0,0,0,0,0,0,0,0,0,0,0,0,0,1,0,0,0,0,0,1,0,0,0,0,0,0,0,0,0,0,0,0,0,0,0,0,0,0,0,0,0,0,0,0,0,0,0,0,0,0,0,0,0
Autorización de nuevas líneas de verificación vehicular,Secretaría de Medio Ambiente y Recursos Naturales,Secretaría de Medio Ambiente y Recursos Naturales,0,0,0,"Es la factibilidad técnica, legal y administrativa soportada en la legislación ambiental y Lineamientos para el Funcionamiento de la Red Estatal de Centros de Verificación Vehicular, para la autorización de nuevas líneas de verificación vehicular.",0,0,0,0,0,0,0,0,0,0,0,0,0,0,0,0,0,0,0,0,0,0,0,0,0,0,0,0,0,0,0,0,1,0,0,0,0,0,0,0,0,0,0,0,0,0,0,0,0,0,0,0,0,0,0,0,0,0,0,0,0,0,0,0,0,0,0,0,0,0,0,0,0,0,0,0,0,0,0,0,0,0,0,0,0,0,0,0,0,0,0,0,0,0,0,0,0,0,0,0,0,0,0,0,1,0,0,0,0,0,0,0,0,0,0,0,0,0,0,0,0,0,0,0,0,0,0,0,0,0,0,0,0,0,0,0,0,0,0,0,0,0,0,0,0,0,0,0,0,1,0,0,0,0,0,1,0,0,0,0,0,0,0,0,0,0,0,0,0,0,0,0,0,0,0,0,0,0,0,0,0,0,0,0,0,0,0,0,0
Autorización para cambio de titular del Centro de Verificación Vehicular,Secretaría de Medio Ambiente y Recursos Naturales,Secretaría de Medio Ambiente y Recursos Naturales,0,0,0,"Es la factibilidad técnica, legal y administrativa soportada en la legislación ambiental y Lineamientos para el Funcionamiento de la Red Estatal de Centros de Verificación Vehicular, para el año 2025, primer semestre, para la autorización de cambio de titularidad de la Autorización del Centro de Verificación Vehicular.",1,0,0,0,0,0,0,0,1,0,0,0,0,0,0,0,0,0,0,0,0,0,0,0,0,0,0,0,0,0,0,0,1,1,0,0,0,0,0,0,0,0,0,0,0,0,0,0,0,0,0,0,0,0,0,0,0,0,0,0,0,0,0,0,0,0,0,0,0,0,0,0,0,0,0,0,0,0,0,0,0,0,0,0,0,0,0,0,0,0,0,0,0,0,0,0,0,0,0,0,0,0,0,0,0,0,0,0,0,0,0,0,0,0,0,0,0,0,0,0,0,0,0,1,0,0,0,0,0,0,0,0,0,0,0,0,0,0,0,0,0,0,0,0,0,0,0,0,0,0,0,0,0,0,0,0,0,0,0,0,0,0,0,0,0,0,0,0,0,0,0,0,0,0,0,0,0,0,0,0,0,0,0,0,0,0,0,0,0
Autorización para la Operación de Sitios de Disposición final de Residuos Provenientes de la Construcción,Secretaría de Medio Ambiente y Recursos Naturales,Secretaría de Medio Ambiente y Recursos Naturales,0,0,0,"Dar a conocer al ciudadano las obligaciones ambientales que debe cumplir una escombrera o sitio de disposición final de residuos provenientes de la construcción y la factibilidad del mismo en congruencia con el Programa de Ordenamiento Ecológico del Territorio aplicable.

De acuerdo a lo señalado en el artículo 5 fracción XXX de la Ley General para la Prevención y Gestión Integral de Residuos, los residuos de manejo especial son aquellos generados en los procesos productivos, que no reúnen las características para ser considerados como peligrosos o como residuos sólidos urbanos, o que son producidos por grandes generadores de residuos sólidos urbanos.

En ese sentido, el artículo 19 de la Ley antes citada señala la clasificación de este tipo de residuos, considerando a los de la construcción, mantenimiento y demolición como residuos de manejo especial.

El tipo y composición de los residuos de la construcción tiene variaciones dependiendo de la actividad en que se realicen, que puede ser desde la demolición de una vivienda, la remodelación, la excavación de un predio, la construcción de una edificación o la construcción o mantenimiento de una calle, avenida o carretera.

Actualmente, dentro de los residuos generados en la construcción, los residuos de las excavaciones, el concreto, las tejas, los ladrillos y tabiques, tienen un gran potencial de re-aprovechamiento, sin embargo, son materiales que son dispuestos de manera inadecuada en tiraderos clandestinos o terrenos no regulados, ocasionando alteraciones de paisaje, contaminación de suelos y cuerpos de agua subterráneos y superficiales, y de forma importante, obligan al consumo de recursos naturales para la producción de nuevos materiales, al no ser valorizados adecuadamente y tener una segunda vida útil.

Derivado de lo antes expuesto, es importante contar con sitios autorizados que cuenten con las características constructivas y de operación para la adecuada disposición de este tipo de residuos.",0,1,0,0,0,0,0,0,0,0,0,0,0,0,0,0,0,0,0,0,0,0,0,0,0,0,0,0,0,0,0,0,1,0,0,0,1,1,0,0,0,0,0,0,0,0,0,0,0,0,0,0,0,0,0,0,0,0,0,0,0,0,0,0,0,0,0,0,0,0,0,0,0,0,0,0,0,0,0,0,0,0,0,0,0,0,0,0,0,0,0,0,0,0,0,0,0,0,0,0,0,0,0,0,0,0,0,0,0,0,0,0,0,0,0,0,0,0,0,0,0,0,0,0,0,0,0,0,0,0,0,0,0,0,0,0,0,0,0,0,0,0,0,0,0,0,0,0,0,0,0,0,0,0,0,0,0,0,0,0,0,0,0,0,0,0,0,0,0,0,0,0,0,0,0,0,0,0,0,0,0,0,0,0,0,0,0,0,0
Autorización de Bitácora de Generación de Residuos de Manejo Especial,Secretaría de Medio Ambiente y Recursos Naturales,Secretaría de Medio Ambiente y Recursos Naturales,0,0,0,"La Bitácora para Residuos de Manejo Especial, en conformidad con el artículo 157 de la Ley para la Protección al Ambiente del Estado de Hidalgo, tiene el propósito de llevar el registro del volumen de residuos de manejo especial que generan en sus procesos de producción los generadores de manejo especial.",0,0,0,0,0,0,0,0,0,0,0,0,0,0,0,0,0,0,0,0,0,0,0,0,0,0,0,0,0,0,0,0,1,1,0,0,0,0,0,0,0,0,0,0,0,0,0,0,0,0,0,0,0,0,0,0,0,0,0,0,0,0,0,0,0,0,0,0,0,0,0,0,0,0,0,0,0,0,0,0,0,0,0,0,0,0,0,0,0,0,0,0,0,0,0,0,0,0,0,0,0,0,1,0,0,0,0,0,0,0,0,0,0,0,0,0,0,0,0,0,0,0,0,0,0,0,0,0,0,0,0,0,0,0,0,0,0,0,0,0,0,0,0,0,0,0,0,0,0,0,0,0,0,0,0,0,0,0,0,0,0,0,0,0,0,0,0,0,0,0,0,0,0,0,0,0,0,0,0,0,0,0,0,0,0,0,0,0,0
Prevención Social de la Violencia y la Delincuencia.,Secretaría de Seguridad Pública,Secretaría de Seguridad Pública,0,0,0,"Como parte de las estrategias en materia de Prevención Social de la Violencia y la Delincuencia, la Secretaría de Seguridad Pública implementa acciones dirigidas a la sociedad, priorizando a niñas, niños y adolescentes, a través de platicas, conferencias y talleres en los 84 municipios que conforman la Entidad, buscando sensibilizar a la población, con el propósito de mejorar su calidad de vida mediante la promoción de la cultura de legalidad y tolerancia, respeto a los derechos humanos así como abordar temas que permitan reducir los factores de riesgo que favorezcan la generación de violencia y delincuencia.

Programas de Prevención:
• Prevención del Acoso Escolar.
• Prevención de la Violencia contra la Mujer.
• Agente Preventivo.
• Taller de Defensa Personal.
• Prevención de las Adicciones.
• Gamers S.O.S usos y límites en los videojuegos.
• Diversos programas de seguridad en internet.",0,0,0,0,0,0,0,0,0,0,0,0,0,0,0,0,0,0,0,0,0,0,0,0,0,0,0,0,0,0,0,0,1,0,0,0,0,0,0,0,0,0,0,0,0,0,0,0,0,0,0,0,0,0,0,0,0,0,0,0,0,0,0,0,0,0,0,0,0,0,0,0,0,0,0,0,0,0,0,0,0,0,0,0,0,0,0,0,0,0,0,0,0,0,0,0,0,0,0,0,0,0,0,0,0,0,0,0,0,0,0,0,0,0,0,0,0,0,0,0,0,0,0,0,0,0,0,0,0,0,0,0,0,0,0,0,0,0,0,0,0,0,0,0,0,0,0,0,0,0,0,0,0,0,0,0,0,0,0,0,0,0,0,0,0,0,0,0,0,0,0,0,0,0,0,0,0,0,0,0,0,0,0,0,0,0,0,0,0
Aprobación del Plan de Manejo Especial,Secretaría de Medio Ambiente y Recursos Naturales,Secretaría de Medio Ambiente y Recursos Naturales,0,0,0,"El Plan de Manejo de Residuos de Manejo Especial, en conformidad con el artículo 156 de la Ley para la Protección al Ambiente del Estado de Hidalgo, estable que las personas físicas o morales generadoras de residuos de manejo especial, deberán presentar sus planes y programas de manejo que definan acciones y medidas para la prevención, control, minimización, reutilización y reciclaje, así como su informe de avances y logros de forma semestral, cuyo objetivo es minimizar la generación y maximizar la valorización y aprovechamiento de los residuos, por lo que al lograr su implementación se incrementa la cantidad de residuos aprovechados, y como consecuencia se disminuye la carga sobre los recursos naturales y sobre la vida útil de los sitios de disposición final donde se disponen.",0,0,0,0,0,0,0,0,0,0,0,0,0,0,0,0,0,0,0,0,0,0,0,0,0,0,0,0,0,0,0,0,1,1,0,0,0,0,0,0,0,0,0,0,0,0,0,0,0,0,0,0,0,0,0,0,0,0,0,0,0,0,0,0,0,0,0,0,0,0,0,0,0,0,0,0,0,0,0,0,0,0,0,0,0,0,0,0,0,0,0,0,0,0,0,0,0,0,0,0,0,0,0,1,0,0,0,0,0,0,0,0,0,0,0,0,0,0,0,0,0,0,0,0,0,0,0,0,0,0,0,0,0,0,0,0,0,0,0,0,0,0,0,0,0,0,0,0,0,0,0,0,0,0,0,0,0,0,0,0,0,0,0,0,0,0,0,0,0,0,0,0,0,0,0,0,0,0,0,0,0,0,0,0,0,0,0,0,0
Autorización en materia de impacto ambiental del transporte de residuos de manejo especial,Secretaría de Medio Ambiente y Recursos Naturales,Secretaría de Medio Ambiente y Recursos Naturales,0,0,0,"En conformidad con el artículo 37 de la Ley para la Protección al Ambiente del Estado de Hidalgo, artículo 40 fracción XV de la Ley Estatal de Derechos y el artículo 22 fracción XXVIII del Reglamento Interior de la Secretaría de Medio Ambiente y Recursos Naturales de Hidalgo, tiene el propósito de regular a las personas físicas y morales que realizan actividades de recolección y/o transporte de residuos de manejo especial, generados en los procesos industriales y/o de servicios.",0,0,0,0,0,0,0,0,0,0,0,0,0,0,0,0,0,0,0,0,0,0,0,0,0,0,0,0,0,0,0,0,0,1,0,0,0,0,0,0,0,0,0,0,0,0,0,0,0,0,0,0,0,0,0,0,0,0,0,0,0,0,0,0,0,0,0,0,0,0,0,0,0,0,0,0,0,0,0,0,0,0,0,0,0,0,0,0,0,0,0,0,0,0,0,1,0,0,0,0,0,0,0,0,0,0,0,0,0,0,0,0,0,0,0,0,0,0,0,0,0,0,0,0,0,0,0,0,0,0,0,0,0,0,0,0,0,0,0,0,0,0,0,0,0,0,0,1,1,0,1,1,1,1,0,0,0,0,0,0,0,0,0,0,0,0,0,0,0,0,0,0,0,0,0,0,0,0,0,0,0,0,0,0,0,0,0,0,0
Solicitud y ampliación de prórroga de Verificación Vehicular,Secretaría de Medio Ambiente y Recursos Naturales,Secretaría de Medio Ambiente y Recursos Naturales,0,0,0,"Otorgar 60 días naturales al ciudadano, en caso de robo, siniestro o falla mayor en la operación del vehículo o 10 días naturales en caso de obtener un rechazo dentro de su periodo, o en su caso de requerir una ampliación de prórroga se debe de solicitar, la cual sería de 60 días naturales.",0,0,0,0,0,0,0,0,0,0,0,0,0,0,0,0,0,0,0,0,0,0,0,0,0,0,0,0,0,0,0,0,0,0,0,0,0,0,0,0,0,0,0,0,0,0,0,0,0,0,0,0,0,0,0,0,0,0,0,0,0,0,0,0,0,0,0,0,0,0,0,0,0,0,0,0,0,0,0,0,0,0,0,0,0,0,0,0,0,0,0,0,0,0,0,0,0,0,0,0,0,0,0,0,0,0,0,0,0,0,0,0,0,0,0,0,0,0,0,0,0,0,0,0,0,0,0,0,0,0,0,0,0,0,0,0,0,0,0,0,0,0,0,0,0,1,1,0,0,0,0,0,0,0,0,0,0,0,0,0,0,0,0,0,0,0,0,0,0,0,0,0,0,0,0,0,0,0,0,0,0,0,0,0,0,0,0,0,0
Ampliación de Periodo de Verificación Vehicular Extemporanea,Secretaría de Medio Ambiente y Recursos Naturales,Secretaría de Medio Ambiente y Recursos Naturales,0,0,0,"Otorgar al ciudadano, que solicito su trámite de prorroga de verificación, tres días hábiles para acreditar la verificación vehicular del periodo correspondiente.",0,0,0,0,0,0,0,0,0,0,0,0,0,0,0,0,0,0,0,0,0,0,0,0,0,0,0,0,0,0,0,0,0,0,0,0,0,0,0,0,0,0,0,0,0,0,0,0,0,0,0,0,0,0,0,0,0,0,0,0,0,0,0,0,0,0,0,0,0,0,0,0,0,0,0,0,0,0,0,0,0,0,0,0,0,0,0,0,0,0,0,0,0,0,0,0,0,0,0,0,0,0,0,0,0,0,0,0,0,0,1,1,1,1,1,1,0,0,0,0,0,0,0,0,0,0,0,0,0,0,0,0,0,0,0,0,0,0,0,0,0,0,0,0,0,0,0,0,0,0,0,0,0,0,0,0,0,0,0,0,0,0,0,0,0,0,0,0,0,0,0,0,0,0,0,0,0,0,0,0,0,0,0,0,0,0,0,0,0
Permiso provisional para conducir,Secretaría de Seguridad Pública,Secretaría de Seguridad Pública,0,0,0,Que el automovilista cuente con un documento legal que le permita transitar por las vías de circulación.,1,0,1,0,0,1,0,0,0,0,1,1,0,0,0,0,0,0,0,0,1,1,1,0,0,0,0,0,0,0,0,0,0,1,0,0,0,0,0,0,0,0,0,0,0,0,0,0,0,0,0,0,0,0,0,0,0,0,0,0,0,0,0,0,0,0,0,0,0,0,0,0,0,0,0,0,0,0,0,0,0,0,0,0,0,0,0,0,0,0,0,0,0,0,0,0,0,0,0,0,0,0,0,0,0,0,0,0,0,0,0,0,0,0,0,0,0,0,0,0,0,0,0,0,0,0,0,0,0,0,0,0,0,0,0,0,0,0,0,0,0,0,0,0,0,0,0,0,0,0,0,0,0,0,0,0,0,0,0,0,0,0,0,0,0,0,0,0,0,0,0,0,0,0,0,0,0,0,0,0,0,0,0,0,0,0,0,0,0
Licencia para conducir vehículos,Secretaría de Seguridad Pública,Secretaría de Seguridad Pública,0,0,0,Que el automovilista cuente con un documento legal que le permita transitar por las vías de circulación,1,0,1,0,0,0,0,0,0,0,1,1,0,0,0,0,0,0,0,1,1,0,1,0,0,0,0,0,0,0,0,0,0,1,0,0,0,0,0,0,0,0,0,0,0,0,0,0,0,0,0,0,0,0,0,0,0,0,0,0,0,0,0,0,0,0,0,0,0,0,0,0,0,0,0,0,0,0,0,0,0,0,0,0,0,0,0,0,0,0,0,0,0,0,0,0,0,0,0,0,0,0,0,0,0,0,0,0,0,0,0,0,0,0,0,0,0,0,0,0,0,0,0,0,0,0,0,0,0,0,0,0,0,0,0,0,0,0,0,0,0,0,0,0,0,0,0,0,0,0,0,0,0,0,0,0,0,0,0,0,0,0,0,0,0,0,0,0,0,0,0,0,0,0,0,0,0,0,0,0,0,0,0,0,0,0,0,0,0
"Inscripcion, Actualización y revalidación de Proveedores y Contratistas",Secretaría de Contraloría,Secretaría de Contraloría,0,0,0,"Las personas físicas o morales interesadas los trámites en el Padrón de Proveedores o Contratistas del Estado de Hidalgo, podrán solicitar la inscripción, actualización y revalidación, una vez satisfechos los requisitos señalados por la ley y su reglamento se expedirá el registro correspondiente.

Derivado de la transición del nuevo sistema para la emisión de Registros, se habilitó como medio para recepción de información el siguiente correo: padronessc@hidalgo.gob.mx

Las especialidades solicitadas por el titular del registro o representante legal en su caso, serán autorizadas con base al catálogo de especialidades que se encuentran en los siguientes enlaces:

https://s-contraloria.hidalgo.gob.mx/interes/CATALOGO%20DE%20ESPECIALIDADES%20PROVEEDORES%20LOGOS%20VEDA%2003-05-24.pdf
https://s-contraloria.hidalgo.gob.mx/interes/CATALOGO%20DE%20ESPECIALIDADES%20CONTRATISTAS_MAR%2024.pdf",1,1,0,0,0,0,0,0,0,0,0,1,0,0,0,0,0,0,0,0,0,0,0,0,0,1,1,0,0,0,0,0,0,1,0,0,0,0,0,0,0,0,0,0,0,0,0,0,0,0,0,0,0,0,0,0,0,0,0,0,1,0,0,0,0,0,0,0,0,0,0,0,0,0,0,0,0,0,0,0,0,0,0,0,0,0,0,0,0,0,0,0,0,1,0,0,0,0,0,0,0,0,0,0,0,0,0,0,0,0,0,0,0,0,0,0,0,0,0,0,0,0,0,0,0,1,0,0,0,0,0,0,0,0,0,0,0,0,0,0,0,0,0,0,0,0,0,0,0,0,0,0,0,0,0,0,0,0,0,0,0,0,0,0,0,0,0,0,0,0,0,0,0,0,0,0,0,0,1,0,1,0,0,1,0,1,0,0,1
Transformando con la Juventud,Secretaría de Desarrollo Económico,Secretaría de Desarrollo Económico,0,0,0,"Beca para jóvenes egresados de Bachillerato Tecnológico o Instituciones de Educación Superior, que realizarán una estancia profesional en una Unidad Receptora durante un periodo de 6 meses, para que puedan adquirir experiencia y facilitar su búsqueda de empleo.",1,0,1,0,0,0,0,0,0,0,0,1,1,0,0,0,0,0,0,0,0,0,0,0,0,0,1,0,0,1,1,0,0,0,0,0,0,0,0,0,0,0,0,0,0,0,0,0,0,0,0,0,0,0,1,1,1,0,0,0,0,0,0,0,0,0,0,0,0,0,0,0,0,0,0,0,0,0,0,0,0,0,0,0,0,0,0,0,0,0,0,0,0,0,0,0,0,0,0,0,0,0,0,0,0,0,0,0,0,0,0,0,0,0,0,0,0,0,0,0,0,0,0,0,0,0,0,0,0,0,0,0,0,0,0,0,0,0,0,0,0,0,0,0,0,0,0,0,0,0,0,0,0,0,0,0,0,0,0,0,0,0,0,0,0,0,0,0,0,0,0,0,0,0,0,0,0,0,0,1,0,0,0,0,0,0,0,0,0
Asesoría y asistencia técnica para impulsar inversiones y proyectos de los sectores consolidados y estratégicos,Secretaría de Desarrollo Económico,Secretaría de Desarrollo Económico,0,0,0,"Brindar asistencia técnica, capacitación y asesoramiento a las empresas y/o organizaciones de los sectores consolidados y estratégicos, a fin de incrementar las inversiones en el Estado.",0,0,0,0,0,0,0,0,0,0,0,0,0,0,0,0,0,0,0,0,0,0,0,0,0,0,0,0,0,0,0,0,1,0,0,0,0,0,0,0,0,0,0,0,0,0,0,0,0,0,0,0,0,0,0,0,0,0,0,0,0,0,0,0,0,0,0,0,0,0,0,0,0,0,0,0,0,0,0,0,0,0,0,0,0,0,0,0,0,0,0,0,0,0,0,0,0,0,0,0,0,0,0,0,0,0,0,0,0,0,0,0,0,0,0,0,0,0,0,0,0,0,0,0,0,0,0,0,0,0,0,0,0,0,0,0,0,0,0,0,0,0,0,0,0,0,0,0,0,0,0,0,0,0,0,0,0,0,0,0,0,0,0,0,0,0,0,0,0,0,0,0,0,0,0,0,0,0,0,0,0,0,0,0,0,0,0,0,0
Acompañamiento a los municipios para la implementación de estrategias que impulsen el desarrollo económico local,Secretaría de Desarrollo Económico,Secretaría de Desarrollo Económico,0,0,0,Brindar el acompañamiento a los municipios en el diseño e implementación de estrategias que permita fomentar las economías locales.,0,0,0,0,0,0,0,0,0,0,0,0,0,0,0,0,0,0,0,0,0,0,0,0,0,0,0,0,0,0,0,0,1,0,0,0,0,0,0,0,0,0,0,0,0,0,0,0,0,0,0,0,0,0,0,0,0,0,0,0,0,0,0,0,0,0,0,0,0,0,0,0,0,0,0,0,0,0,0,0,0,0,0,0,0,0,0,0,0,0,0,0,0,0,0,0,0,0,0,0,0,0,0,0,0,0,0,0,0,0,0,0,0,0,0,0,0,0,0,0,0,0,0,0,0,0,0,0,0,0,0,0,0,0,0,0,0,0,0,0,0,0,0,0,0,0,0,0,0,0,0,0,0,0,0,0,0,0,0,0,0,0,0,0,0,0,0,0,0,0,0,0,0,0,0,0,0,0,0,0,0,0,0,0,0,0,0,0,0
Tu Experiencia Transforma,Secretaría de Desarrollo Económico,Secretaría de Desarrollo Económico,0,0,0,"Beca para personas de 60 años o más, que realizarán una estancia profesional en una Unidad Receptora durante un periodo de 6 meses, para aplicar sus conocimientos y experiencia en estancias productivas contribuyendo al fortalecimiento de la competitividad de una Unidad Receptora.",1,0,1,0,0,0,0,0,0,0,0,1,0,0,0,0,1,1,0,0,0,0,0,0,0,0,1,0,0,0,1,0,0,0,0,0,0,0,0,0,0,0,0,0,0,0,0,0,0,0,0,0,0,0,0,0,0,0,0,0,0,0,0,0,0,0,0,0,0,0,0,0,0,0,0,0,0,0,0,0,0,0,0,0,0,0,0,0,0,0,0,0,0,0,0,0,0,0,0,0,0,0,0,0,0,0,0,0,0,0,0,0,0,0,0,0,0,0,0,0,0,0,0,0,0,0,0,0,0,0,0,0,0,0,0,0,0,0,0,0,0,0,0,0,0,0,0,0,0,0,0,0,0,0,0,0,0,0,0,0,0,0,0,0,0,0,0,0,0,0,0,0,0,0,0,0,0,0,0,1,0,0,0,0,0,0,0,0,0
Cédula de Validación Estatal Impulso NAFIN-Hidalgo,Secretaría de Desarrollo Económico,Secretaría de Desarrollo Económico,0,0,0,"Revisión y en su caso determinación por parte de NAFIN y la Subsecretaría de Fomento Económico, de que se trata de un solicitante de crédito que cumple con las condiciones generales del Programa Impulso NAFIN-Hidalgo.",1,0,0,0,0,0,0,0,0,0,0,1,0,0,1,1,0,0,0,0,0,0,0,0,0,0,0,0,0,0,0,0,0,1,0,0,0,0,0,0,0,0,0,0,0,0,0,0,0,0,0,0,0,0,0,0,0,0,0,0,0,1,0,0,0,0,0,0,0,0,0,0,0,0,0,0,0,0,0,0,0,0,0,0,0,0,0,0,0,0,0,0,0,0,0,0,0,0,0,0,0,0,0,0,0,0,0,0,0,0,0,0,0,0,0,0,0,0,0,0,0,0,0,0,0,0,0,0,0,0,0,0,0,0,0,0,0,0,0,0,0,0,0,0,0,0,0,0,0,0,0,0,0,0,0,0,0,0,0,0,0,0,0,0,0,0,0,0,0,0,0,0,0,0,0,0,0,0,0,0,0,0,0,0,1,0,0,0,1
Asistencia Técnica para el Desarrollo de Distritos Mineros,Secretaría de Desarrollo Económico,Secretaría de Desarrollo Económico,0,0,0,"1. Asistencia Técnica para la identificación de proyectos mediante visitas a campo, asesoría y seguimiento.
2. Vinculación con instituciones públicas y/o privadas para el cumplimiento de la normatividad.
3. Eventos para impulsar al sector minero en la entidad por medio de capacitaciones, foros y expos.",0,0,0,0,0,0,0,0,0,0,0,0,0,0,0,0,0,0,0,0,0,0,0,0,0,0,0,0,0,0,0,0,1,0,0,0,0,0,0,0,0,0,0,0,0,0,0,0,0,0,0,0,0,0,0,0,0,0,0,0,0,0,0,0,0,0,0,0,0,0,0,0,0,0,0,0,0,0,0,0,0,0,0,0,0,0,0,0,0,0,0,0,0,0,0,0,0,0,0,0,0,0,0,0,0,0,0,0,0,0,0,0,0,0,0,0,0,0,0,0,0,0,0,0,0,0,0,0,0,0,0,0,0,0,0,0,0,0,0,0,0,0,0,0,0,0,0,0,0,0,0,0,0,0,0,0,0,0,0,0,0,0,0,0,0,0,0,0,0,0,0,0,0,0,0,0,0,0,0,0,0,0,0,0,0,0,0,0,0
Atención a municipios en el tema de unidades de abasto,Secretaría de Desarrollo Económico,Secretaría de Desarrollo Económico,0,0,0,"Capacitar y asesorar en la elaboración de diagnósticos municipales de las unidades de abasto (centrales de abasto, mercados y tianguis), para la identificación de características, operación y necesidades, a fin de generar estrategias y acciones para mejorar su competitividad.",0,0,0,0,0,0,0,0,0,0,0,0,0,0,0,0,0,0,0,0,0,0,0,0,0,0,0,0,0,0,0,0,1,0,0,0,0,0,0,0,0,0,0,0,0,0,0,0,0,0,0,0,0,0,0,0,0,0,0,0,0,0,0,0,0,0,0,0,0,0,0,0,0,0,0,0,0,0,0,0,0,0,0,0,0,0,0,0,0,0,0,0,0,0,0,0,0,0,0,0,0,0,0,0,0,0,0,0,0,0,0,0,0,0,0,0,0,0,0,0,0,0,0,0,0,0,0,0,0,0,0,0,0,0,0,0,0,0,0,0,0,0,0,0,0,0,0,0,0,0,0,0,0,0,0,0,0,0,0,0,0,0,0,0,0,0,0,0,0,0,0,0,0,0,0,0,0,0,0,0,0,0,0,0,0,0,0,0,0
Constitución de Sociedades Cooperativas y Sociedades de Responsabilidad Limitada Microindustrial o Artesanal,Secretaría de Desarrollo Económico,Secretaría de Desarrollo Económico,0,0,0,Constituir de forma legal una Sociedad Cooperativa o una Sociedad de Responsabilidad Limitada Microindustrial o Artesanal.,1,0,0,0,0,0,0,0,0,0,1,1,0,0,0,0,0,0,0,0,0,0,0,0,0,0,0,0,0,0,0,0,1,0,0,0,0,0,0,0,0,0,0,0,0,0,0,0,0,0,0,0,0,0,0,0,0,0,0,0,0,0,0,1,0,0,0,0,0,0,0,0,0,0,0,0,0,0,0,0,0,0,0,0,0,0,0,0,0,0,0,0,0,0,0,0,0,0,0,0,0,1,0,0,0,0,0,0,0,0,0,0,0,0,0,0,0,0,0,0,0,0,0,0,0,0,0,0,0,0,0,0,0,0,0,0,0,0,0,0,0,0,0,0,0,0,0,0,0,0,0,0,0,0,0,0,0,0,0,0,0,0,0,0,0,0,0,0,0,0,0,0,0,0,0,0,0,0,0,0,0,0,0,0,0,0,0,0,0
Actualización y revalidación de Proveedores y Contratistas,Secretaría de Contraloría,Secretaría de Contraloría,Pachuca De Soto,0,0,"Las personas físicas o morales interesadas los trámites en el Padrón de Proveedores o Contratistas del Estado de Hidalgo, podrán solicitar la actualización y revalidación, una vez satisfechos los requisitos señalados por la ley y su reglamento se expedirá el registro correspondiente.

Derivado de la transición del nuevo sistema para la emisión de Registros, se habilitó como medio para recepción de información el siguiente correo: padronessc@hidalgo.gob.mx

Las especialidades solicitadas por el titular del registro o representante legal en su caso, serán autorizadas con base al catálogo de especialidades que se encuentran en los siguientes enlaces:

https://s-contraloria.hidalgo.gob.mx/interes/CATALOGO%20DE%20ESPECIALIDADES%20PROVEEDORES%20LOGOS%20VEDA%2003-05-24.pdf
https://s-contraloria.hidalgo.gob.mx/interes/CATALOGO%20DE%20ESPECIALIDADES%20CONTRATISTAS_MAR%2024.pdf",1,0,0,0,0,0,0,0,0,0,0,1,0,0,0,0,0,0,0,0,0,0,0,0,0,1,1,0,0,0,0,0,1,1,0,0,0,0,0,0,0,0,0,0,0,0,0,0,0,0,0,0,0,0,0,0,0,0,0,0,1,0,0,0,0,0,0,0,0,0,0,0,0,0,0,0,0,0,0,0,0,0,0,0,0,0,0,0,0,0,0,0,0,0,0,0,0,0,0,0,0,0,0,0,0,0,0,0,0,0,0,0,0,0,0,0,0,0,0,0,0,0,0,0,0,1,0,0,0,0,0,0,0,0,0,0,0,0,0,0,0,0,0,0,0,0,0,0,0,0,0,0,0,0,0,0,0,0,0,0,0,0,0,0,0,0,0,0,0,1,0,0,0,0,0,0,0,0,1,0,1,0,0,1,0,1,0,0,1
"Inscripcion, Actualización y revalidación de Proveedores y Contratistas",Secretaría de Contraloría,Secretaría de Contraloría,Pachuca De Soto,0,0,"Las personas físicas o morales interesadas los trámites en el Padrón de Proveedores o Contratistas del Estado de Hidalgo, podrán solicitar la inscripción, actualizacion y revalidacion una vez satisfechos los requisitos señalados por la ley y su reglamento se expedirá el registro correspondiente.

Derivado de la transición del nuevo sistema para la emisión de Registros, se habilitó como medio para recepción de información el siguiente correo: padronessc@hidalgo.gob.mx

Las especialidades solicitadas por el titular del registro o representante legal en su caso, serán autorizadas con base al catálogo de especialidades que se encuentran en los siguientes enlaces:

https://s-contraloria.hidalgo.gob.mx/interes/CATALOGO%20DE%20ESPECIALIDADES%20PROVEEDORES%20LOGOS%20VEDA%2003-05-24.pdf
https://s-contraloria.hidalgo.gob.mx/interes/CATALOGO%20DE%20ESPECIALIDADES%20CONTRATISTAS_MAR%2024.pdf",1,0,0,0,0,0,0,0,0,0,0,1,0,0,0,0,0,0,0,0,0,0,0,0,0,1,1,0,0,0,0,0,0,1,0,0,0,0,0,0,1,0,0,0,0,0,0,0,0,0,0,0,0,0,0,0,0,0,0,0,1,0,0,0,0,0,0,0,0,0,0,0,0,0,0,0,0,0,0,0,0,0,0,0,0,0,0,0,0,0,0,0,0,0,0,0,0,0,0,0,0,0,0,0,0,0,0,0,0,0,0,0,0,0,0,0,0,0,0,0,0,0,0,0,0,1,0,0,0,0,0,0,0,0,0,0,0,0,0,0,0,0,0,0,0,0,0,0,0,0,0,0,0,0,0,0,0,0,0,0,0,0,0,0,0,0,0,0,0,1,0,0,0,0,0,0,0,0,0,0,1,0,0,1,0,1,0,0,1
Acompañamiento asistencia y seguimiento de proyectos de inversión,Secretaría de Desarrollo Económico,Secretaría de Desarrollo Económico,0,Subsecretaría de Inversiones y Economía Sectorial,Dirección General de Inversiones,"Brindar acompañamiento a los proyectos de inversión privada con la intención de facilitar su asentamiento, así como brindar asistencia a las empresas instaladas en el Estado.",0,0,0,0,0,0,0,0,0,0,0,0,0,0,0,0,0,0,0,0,0,0,0,0,0,0,0,0,0,0,0,0,1,0,0,0,0,0,0,0,0,0,0,0,0,0,0,0,0,0,0,0,0,0,0,0,0,0,0,0,0,0,0,0,0,0,0,0,0,0,0,0,0,0,0,0,0,0,0,0,0,0,0,0,0,0,0,0,0,0,0,0,0,0,0,0,0,0,0,0,0,0,0,0,0,0,0,0,0,0,0,0,0,0,0,0,0,0,0,0,0,0,0,0,0,0,0,0,0,0,0,0,0,0,0,0,0,0,0,0,0,0,0,0,0,0,0,0,0,0,0,0,0,0,0,0,0,0,0,0,0,0,0,0,0,0,0,0,0,0,0,0,0,0,0,0,0,0,0,0,0,0,0,0,0,0,0,0,0
Dictamen de Impacto en la Movilidad,Secretaría de Movilidad y Transporte,Secretaría de Movilidad y Transporte,0,Secretaría de Movilidad y Transporte de Hidalgo,Dirección General de Movilidad Sustentable,"Evaluar y dictaminar las posibles influencias o alteraciones, generadas por la realización de obras y actividades privadas dentro del territorio del Estado de Hidalgo, sobre los desplazamientos de personas y bienes, a fin de establecer las medidas adecuadas para evitar o reducir los efectos negativos sobre la calidad de vida y la competitividad urbana.",1,0,0,0,0,0,0,0,0,0,0,0,0,0,0,0,0,0,0,0,0,0,0,0,0,0,0,0,0,0,0,0,1,1,0,0,0,0,0,0,0,0,0,0,0,0,0,0,0,0,0,0,0,0,0,0,0,0,0,0,0,0,0,0,0,0,0,0,0,0,0,0,0,0,0,0,0,0,0,0,0,0,0,0,0,0,0,0,0,0,0,0,0,1,0,0,0,0,0,0,0,0,0,0,0,0,0,0,1,0,0,0,0,0,0,0,1,0,0,0,0,0,0,0,0,0,0,0,0,0,0,0,0,0,0,0,0,0,0,0,0,0,0,0,0,0,0,0,0,0,0,0,0,0,0,0,0,0,0,0,0,0,0,0,0,0,0,0,0,0,0,0,0,0,0,0,0,0,0,0,0,0,0,0,0,0,0,0,0
Servicio de laboratorio clínico (Hospital del Niño DIF),Sistema para el Desarrollo Integral de la Familia del Estado de Hidalgo,Sistema para el Desarrollo Integral de la Familia del Estado de Hidalgo,0,0,0,Proporcionar atención de Servicio de laboratorio Clínico a las y los pacientes del Hospital del Niño DIF Hidalgo menores de 18 años de edad así como a pacientes externos.,0,0,0,0,0,0,0,0,0,0,0,0,0,0,0,0,0,0,0,0,0,0,0,1,0,0,0,0,0,0,0,0,0,1,0,0,0,0,0,0,0,0,0,0,0,0,0,0,0,0,0,0,0,0,0,0,0,0,0,0,0,0,0,0,0,0,0,0,0,0,0,0,0,0,0,0,0,0,0,0,0,0,0,0,0,0,0,0,0,0,0,0,0,0,0,0,0,0,0,0,0,0,0,0,0,0,0,0,0,0,0,0,0,0,0,0,0,0,0,0,0,0,0,0,0,0,0,0,0,0,0,0,0,0,0,0,0,0,0,0,0,0,0,0,0,0,0,0,0,0,0,0,0,0,0,0,0,0,0,0,0,0,0,0,0,0,0,0,0,0,0,0,0,0,0,0,0,0,0,0,0,0,0,0,0,0,0,0,0
Consulta externa de pediatría y especialidades en el Hospital del Niño DIF Hidalgo,Sistema para el Desarrollo Integral de la Familia del Estado de Hidalgo,Sistema para el Desarrollo Integral de la Familia del Estado de Hidalgo,0,0,0,Proporcionar atención médica de pediatría y especialidad de alta calidad científica y ética a los menores de 18 años que acudan al Hospital del Niño DIF Hidalgo.,0,0,0,0,0,0,0,0,0,1,0,0,0,0,0,0,0,0,0,0,0,0,0,0,0,0,0,0,0,0,0,0,0,1,0,0,0,0,0,0,0,0,0,0,0,0,0,0,0,0,0,0,0,0,0,0,0,0,0,0,0,0,0,0,0,0,0,0,0,0,0,0,0,0,0,0,0,0,0,0,0,0,0,0,0,0,0,0,0,0,0,0,0,0,0,0,0,0,0,0,0,0,0,0,0,0,0,0,0,0,0,0,0,0,0,0,0,0,0,0,0,0,0,0,0,0,0,0,0,0,0,0,0,0,0,0,0,0,0,0,0,0,0,0,0,0,0,0,0,0,0,0,0,0,0,0,0,0,0,0,0,0,0,0,0,0,0,0,0,0,0,0,0,0,0,0,0,0,0,0,0,0,0,0,0,0,0,0,0
Expedición de finiquito o Constancia de no adeudo,Secretaría de Infraestructura Pública y Desarrollo Urbano Sostenible,Comisión Estatal de Vivienda,0,0,0,"Documento que avala los pagos realizados por el titular de créditos otorgados por este Organismo, establecido en un contrato de compra-venta.",1,0,0,0,0,0,0,0,0,0,0,1,0,0,0,0,0,0,0,0,0,0,0,0,0,0,0,0,0,0,0,0,vamen,1,0,0,0,0,0,0,0,0,0,0,0,0,0,0,0,0,0,0,0,0,0,0,0,0,0,0,0,0,0,0,0,0,0,0,0,0,0,0,0,0,1,0,0,0,0,0,0,0,0,0,0,0,0,0,0,0,0,0,0,0,0,0,0,0,0,0,0,0,0,0,0,0,0,0,0,0,0,0,0,0,0,0,0,0,0,0,0,0,0,0,0,0,0,0,0,0,0,0,0,0,0,0,0,0,0,0,0,0,0,0,0,0,0,0,0,0,0,0,0,0,0,0,0,0,0,0,0,0,0,0,0,0,0,0,1,0,0,0,0,0,0,0,0,0,0,0,0,0,0,0,0,0,0,0,0
"Apoyo con Estudios de gabinete, laboratorio y medicamentos",Sistema para el Desarrollo Integral de la Familia del Estado de Hidalgo,Sistema para el Desarrollo Integral de la Familia del Estado de Hidalgo,Pachuca De Soto,0,0,"Disminuir gastos extraordianarios a población en situación emergente asociada a la salud, a través de apoyos en especie a persones de escasos recursos o que presenten mas de condiciones de vulnerabilidad.",1,0,1,0,0,0,0,0,0,0,0,0,0,0,0,0,0,0,0,0,0,0,0,0,0,0,0,0,0,0,0,0,0,0,0,0,0,0,0,0,0,0,0,0,0,0,0,0,0,0,0,0,0,0,0,0,0,0,0,0,0,0,0,0,0,0,0,0,0,0,0,0,0,0,0,0,0,0,0,0,0,0,0,0,0,0,0,0,0,0,0,0,0,0,0,0,0,0,0,0,0,0,0,0,0,0,0,0,0,0,0,0,0,0,0,0,0,0,0,0,0,0,0,0,1,0,0,0,0,0,0,0,0,0,0,0,0,0,0,0,0,0,0,0,0,0,0,0,0,0,0,0,0,0,0,0,0,0,0,0,0,0,0,0,0,0,0,0,0,0,0,0,0,0,0,0,0,0,0,0,0,0,0,0,0,0,0,0,0
Constancia de No Afectación,Secretaría de Infraestructura Pública y Desarrollo Urbano Sostenible,Comisión Estatal de Vivienda,0,0,0,"Documento en el cual se le informa al juzgado o personas beneficiarias si el predio afecta el patrimonio de la Comisión Estatal de Vivienda; así como fraccionamiento de interés social, áreas verdes, reserva territorial.",1,0,0,0,0,0,0,0,0,0,0,0,0,0,0,0,0,0,0,0,0,0,0,0,0,0,0,0,0,0,0,0,0,0,0,0,0,0,0,0,0,0,1,0,0,0,0,0,0,0,0,0,0,0,0,0,0,0,0,0,0,0,0,0,0,0,0,0,0,1,0,1,1,0,0,0,0,0,0,0,0,0,0,0,0,1,0,0,0,0,0,0,0,0,0,0,0,0,0,0,0,0,0,0,0,0,0,0,0,0,0,0,0,0,0,0,0,0,0,1,0,0,0,0,0,0,0,0,0,0,0,0,0,0,0,0,0,0,0,0,0,0,0,0,0,0,0,0,0,0,0,0,0,0,0,0,0,0,0,0,0,0,0,0,0,0,0,0,0,0,0,0,0,0,0,0,0,0,0,0,0,0,0,0,0,0,0,0,0
Elaboración de Escrituras,Secretaría de Infraestructura Pública y Desarrollo Urbano Sostenible,Comisión Estatal de Vivienda,0,0,0,"Se expide escritura a las personas beneficiarias de programas de la Comisión Estatal de Vivienda, otorgando y garantizando certeza jurídica a su patrimonio.",1,0,1,0,0,0,0,0,0,0,1,0,0,0,0,0,0,0,0,0,0,0,0,0,0,0,0,0,0,0,0,0,0,0,0,0,0,0,0,0,0,0,0,0,0,0,0,0,0,0,0,0,0,0,0,0,0,0,0,0,0,0,0,0,0,0,0,0,0,0,0,0,0,0,0,0,0,0,0,0,1,0,0,0,0,0,0,0,0,0,0,0,0,0,0,0,0,0,0,0,0,0,0,0,0,0,0,0,0,0,0,0,0,0,0,0,0,0,0,0,0,0,0,0,0,0,0,0,0,0,0,1,0,1,0,0,0,0,0,0,0,0,0,0,0,0,0,0,0,0,0,0,0,0,0,0,0,0,0,0,0,0,0,0,0,0,0,1,0,1,0,0,0,0,0,0,0,0,0,0,0,0,0,0,0,1,0,0,0
"Reposición de Placas por robo, Extravío o Robo de Unidades Autorizadas por el Sistema de Transporte Convencional",Secretaría de Movilidad y Transporte,Sistema de Transporte Convencional de Hidalgo,Pachuca De Soto,0,Sistema de Transporte Convencional,"En caso del extravío o robo de placa así como robo total de la unidad, deberán dar aviso al Sistema de Transporte Convencional de Hidalgo a los 10 días hábiles posterior al suceso y así poder proceder a la reposición de las mismas",1,0,0,0,0,0,0,0,0,0,0,0,0,0,0,0,0,0,0,0,0,0,0,0,0,0,0,0,0,0,0,0,1,0,0,0,0,0,0,1,0,0,0,0,1,0,0,0,0,0,0,0,0,0,0,0,0,0,0,0,0,0,0,0,0,0,0,0,0,0,1,0,0,0,0,0,0,0,0,0,0,0,0,0,0,0,0,0,0,0,0,0,0,0,0,0,0,0,0,0,0,0,0,0,0,0,0,0,0,1,0,0,0,0,0,0,0,0,0,0,0,0,0,0,0,0,0,0,0,0,0,0,0,0,0,0,0,0,0,0,0,0,0,0,0,0,0,0,0,0,0,0,0,0,0,0,0,0,0,0,0,0,0,0,0,0,0,0,0,1,0,0,0,0,0,0,0,0,0,0,0,0,0,0,0,0,0,0,0
Expedición Tarjeta Preferente Tuzobús para Personas con Discapacidad,Secretaría de Movilidad y Transporte,Sistema de Transporte Masivo de Hidalgo,Pachuca De Soto,0,Sistema Integrado de Transporte Masivo de Hidalgo,"Las personas que acrediten tener una Discapacidad Permanente, que vivan en la Ciudad de Pachuca y su Zona Metropolitana, obtengan la reducción del 50% del precio de la tarifa vigente por el uso del Sistema Tuzobús.",1,0,0,0,0,0,0,0,0,0,0,1,0,0,0,0,0,0,0,0,0,0,0,0,0,0,0,0,0,0,0,0,1,1,0,0,0,0,0,0,0,0,0,0,0,0,0,0,0,0,0,0,0,0,0,0,0,0,0,0,0,0,0,0,0,0,0,0,0,0,0,0,0,1,0,0,0,0,0,0,0,0,0,0,0,0,0,0,0,0,0,0,0,0,0,0,0,0,0,0,0,0,0,0,0,0,0,0,0,0,0,0,0,0,0,0,0,0,0,0,0,0,0,0,0,0,0,0,0,0,0,0,0,0,0,0,0,0,0,0,0,0,0,0,0,0,0,0,0,0,0,0,0,0,0,0,0,0,0,0,0,0,0,0,0,0,0,0,0,0,0,0,0,0,0,0,0,0,0,0,0,0,0,0,0,0,0,0,0
Expedición Tarjeta Preferente Tuzobús para la Persona Adulta Mayor,Secretaría de Movilidad y Transporte,Sistema de Transporte Masivo de Hidalgo,Pachuca De Soto,0,Sistema Integrado de Transporte Masivo de Hidalgo,"Las personas de 60 años de edad o más, que vivan en la Ciudad de Pachuca y su Zona Metropolitana, obtengan la reducción del 50% del precio de la tarifa vigente por el uso del Sistema Tuzobús.",1,0,0,0,0,0,0,0,0,0,1,1,0,0,0,0,0,0,1,0,0,0,0,0,0,0,0,0,0,0,0,0,1,1,0,0,0,0,0,0,0,0,0,0,0,0,0,0,0,0,0,0,0,0,0,0,0,0,0,0,0,0,0,0,0,0,0,0,0,0,0,0,0,0,0,0,0,0,0,0,0,0,0,0,0,0,0,0,0,0,0,0,0,0,0,0,0,0,0,0,0,0,0,0,0,0,0,0,0,0,0,0,0,0,0,0,0,0,0,0,0,0,0,0,0,0,0,0,0,0,0,0,0,0,0,0,0,0,0,0,0,0,0,0,0,0,0,0,0,0,0,0,0,0,0,0,0,0,0,0,0,0,0,0,0,0,0,0,0,0,0,0,0,0,0,0,0,0,0,0,0,0,0,0,0,0,0,0,0
Mediación y conciliación en materia penal,Procuraduría General de Justicia,Procuraduría General de Justicia,0,0,Centro de Justicia Restaurativa,"Los Mecanismos Alternativos de Solución de Controversias en materia penal son servicios que brinda el Centro de Justicia Restaurativa Penal para propiciar, a través del dialogo, la solución de las controversias que surjan entre las personas con motivo de la denuncia o querella referidos a un hecho delictivo mediante la utilización de los procedimientos de conciliación, mediación y junta restaurativa, basados en la oralidad, la economía procesal y la confidencialidad, en los cuales una persona facilitadora gestiona la comunicación entre los intervinientes (persona víctima u ofendida y persona imputada) en aquellos delitos que sean perseguibles de querella, delitos culposos o delitos patrimoniales sin violencia, que les permita llegar a un acuerdo reparatorio.",1,0,0,0,0,0,0,0,0,0,0,0,0,0,0,0,0,0,0,0,0,0,0,0,0,0,0,0,0,0,0,0,0,0,0,0,0,0,0,0,0,0,0,0,0,0,0,0,0,0,0,0,0,0,0,0,0,0,0,0,0,0,0,0,0,0,0,0,0,0,0,0,0,0,0,0,0,0,0,0,0,0,0,0,0,0,0,0,0,0,0,0,0,0,0,0,0,0,0,0,0,0,0,0,0,0,0,0,0,0,0,0,0,0,0,0,0,0,0,0,0,0,0,0,0,0,0,0,0,0,0,0,0,0,0,0,0,0,0,0,0,0,0,0,0,0,0,0,0,0,0,0,0,0,0,0,0,0,0,0,0,0,0,0,0,0,0,0,0,0,0,0,0,0,0,0,0,0,0,0,0,0,0,0,0,0,0,0,0
Devolución vehículos recuperados,Procuraduría General de Justicia,Procuraduría General de Justicia,0,0,Unidad de Recuperación de Vehículos,"Presentarse a la Unidad de Recuperación de Vehículos para corroborar si su unidad ha sido recuperada. Deberá acreditar la propiedad del vehículo y, posteriormente, un perito realizará la identificación vehicular. Se comprobará la verificación del estatus legal para que sea devuelto.",1,0,0,0,0,0,0,0,0,0,0,0,0,0,0,0,0,0,0,0,0,0,0,0,0,0,0,0,0,0,0,0,0,0,0,0,0,1,0,0,0,1,0,0,0,0,0,0,1,0,0,0,0,0,0,0,0,0,0,0,0,0,0,0,0,0,0,0,0,0,0,0,0,0,0,0,0,0,0,0,0,0,0,0,0,0,0,0,0,0,0,0,0,0,1,0,0,0,0,0,0,0,0,0,0,0,0,0,0,0,0,0,0,0,0,0,0,0,0,0,0,0,0,0,0,0,0,0,0,0,0,0,0,0,0,0,0,0,0,0,0,0,0,0,0,0,0,0,0,0,0,0,0,0,0,0,0,0,0,0,0,0,0,0,0,0,0,0,0,0,0,0,0,0,0,0,0,0,0,0,0,0,0,0,0,0,0,0,0
Bolsa de Trabajo y Abriendo Espacios,Secretaría de Trabajo y Previsión Social,Secretaría de Trabajo y Previsión Social,0,0,Servicio Nacional de Empleo Hidalgo,"Vincula de forma directa, eficiente y oportuna a los solicitantes de empleo con las oportunidades de trabajo, a través de la ejecución de procedimientos de atención, preselección, canalización, seguimiento y colocación, con apoyo de consejeros de empleo especializados.
Atiende especialmente a las personas con discapacidad y adultos mayores que buscan incorporarse a un puesto de trabajo,  atendiendo a sus necesidades específicas, con equidad y respeto al ejercicio de sus derechos.",0,0,0,0,0,0,0,0,0,0,0,0,0,0,0,0,0,0,0,0,0,0,0,0,0,0,0,0,0,0,0,0,0,0,0,0,0,0,0,0,0,0,0,0,0,0,0,0,0,0,0,0,0,0,0,0,0,0,0,0,0,0,0,0,0,0,0,0,0,0,0,0,0,0,0,0,0,0,0,0,0,0,0,0,0,0,0,0,0,0,0,0,0,0,0,0,0,0,0,0,0,0,0,0,0,0,0,0,0,0,0,0,0,0,0,0,0,0,0,0,0,0,0,0,0,0,0,0,0,0,0,0,0,0,0,0,0,0,0,0,0,0,0,0,0,0,0,0,0,0,0,0,0,0,0,0,0,0,0,0,0,0,0,0,0,0,0,0,0,0,0,0,0,0,0,0,0,0,0,0,0,0,0,0,0,0,0,0,0
Certificado de No Inscripción,Secretaría de Gobierno,Dirección General del Instituto de la Función Registral,0,secretaria de gobierno,Dirección General del Instituto de la Función Registral,"Con este trámite, la Dirección General del Instituto de la Función Registral, expedirá un certificado donde consta la inexistencia de inscripción de un bien inmueble.",1,0,1,1,0,0,0,0,0,0,0,0,0,0,0,0,0,0,0,0,0,0,0,0,0,0,0,0,0,0,0,0,1,1,1,0,0,0,0,0,0,0,0,0,0,0,0,0,0,0,0,0,0,0,0,0,0,0,0,0,0,0,0,0,0,0,0,0,0,0,0,0,0,0,0,0,0,0,0,0,0,1,1,1,1,0,0,0,0,0,0,0,0,0,0,0,0,0,0,0,0,0,0,0,0,0,0,0,0,0,0,0,0,0,0,0,0,0,0,0,0,0,0,0,0,0,0,0,0,0,0,0,0,0,0,0,0,0,0,0,0,0,0,0,0,0,0,0,0,0,0,0,0,0,0,0,0,0,0,0,0,0,0,0,0,0,0,0,0,0,0,0,0,0,0,0,0,0,0,0,0,0,0,0,0,0,0,0,0
Constancia de vehículo no robado,Procuraduría General de Justicia,Procuraduría General de Justicia,Pachuca De Soto,N/A,Unidad de Recuperación de Vehículos,Emitir constancia de vehículo no robado,1,0,1,0,0,0,0,0,0,0,0,0,0,0,0,0,0,0,0,0,0,0,0,0,0,0,0,0,0,0,0,0,0,1,0,0,0,1,0,1,0,0,0,0,0,0,0,0,1,0,0,0,0,0,0,0,0,0,0,0,0,0,0,0,0,0,0,0,0,0,0,0,0,0,0,0,0,0,0,0,0,0,0,0,0,0,0,0,0,0,0,0,0,0,0,0,0,0,0,0,0,0,0,0,0,0,0,0,0,0,0,0,0,0,0,0,0,0,0,0,0,0,0,0,0,0,0,0,0,0,0,0,0,0,0,0,0,0,0,0,0,0,0,0,0,0,0,0,0,0,0,0,0,0,0,0,0,0,0,0,0,0,0,0,0,0,0,0,0,0,0,0,0,0,0,0,0,0,0,0,0,0,0,0,0,0,0,0,0
Expedición de constancia de no antecedentes penales,Procuraduría General de Justicia,Procuraduría General de Justicia,Pachuca De Soto,0,División Científica,Acreditar que el usuario o solicitante no tiene antecedentes penales en la base de datos del Sistema Nacional de Seguridad Pública (Plataforma México),1,0,1,0,0,0,0,0,0,0,0,1,0,0,0,0,0,0,0,0,0,0,0,0,0,0,0,0,0,0,0,1,0,1,0,0,0,0,0,0,0,0,0,0,0,0,0,0,0,0,0,0,0,0,0,0,0,0,0,0,0,0,0,0,0,0,0,0,0,0,0,0,0,0,0,0,0,0,0,0,0,0,0,0,0,0,0,0,0,0,0,0,0,0,0,0,0,0,0,0,0,0,0,0,0,0,0,0,0,0,0,0,0,0,0,0,0,0,0,0,0,0,0,0,0,0,0,0,0,0,0,0,0,0,0,0,0,0,0,0,0,0,0,0,0,0,0,0,0,0,0,0,0,0,0,0,0,0,0,0,0,0,0,0,0,0,0,0,0,1,0,0,0,0,0,0,1,1,0,0,0,0,0,0,0,0,0,0,0
Declaratoria de Áreas Naturales Protegidas,Secretaría de Medio Ambiente y Recursos Naturales,Secretaría de Medio Ambiente y Recursos Naturales,0,0,0,"Solicitud de decreto de Área Natural Protegida Estatal-Municipal. Declarar mediante decreto o certificado predios en buen estado de conservación, con alta variedad de plantas y animales silvestres y especies en peligro de desaparecer.",0,0,0,0,0,0,0,0,0,0,0,0,0,0,0,0,0,0,0,0,0,0,0,0,0,0,0,0,0,0,0,0,0,0,0,0,0,0,0,0,0,0,0,0,0,0,0,0,0,0,0,0,0,0,0,0,0,0,0,0,0,0,0,0,0,0,0,0,0,0,0,0,0,0,0,0,0,0,0,0,0,0,0,0,0,0,0,0,0,0,0,0,0,0,0,0,0,0,0,0,0,0,0,0,0,0,0,0,0,0,0,0,0,0,0,0,0,0,0,0,0,0,0,0,0,0,0,0,0,0,0,1,0,0,0,0,0,0,0,1,1,1,1,1,1,0,0,0,0,0,0,0,0,0,0,0,0,0,0,0,0,0,0,0,0,0,0,0,0,0,0,0,0,0,0,0,0,0,0,0,0,0,0,0,0,0,0,0,0
REGISTRO NACIONAL DE TURISMO,Secretaría de Turismo,Secretaría de Turismo,Pachuca De Soto,0,0,"El Registro Nacional de Turismo, es el catálogo público de prestadores de servicios turísticos en el país, el cual constituye el mecanismo por el que el Ejecutivo Federal, los Estados y Municipios, podrán contar con información sobre los prestadores de servicios turísticos a nivel nacional, con objeto de conocer mejor el mercado turístico y establecer comunicación con las empresas cuando se requiera.",1,0,0,1,0,0,0,0,0,0,0,1,0,0,0,0,0,0,0,0,0,0,0,0,0,0,0,0,0,0,0,0,0,0,0,0,0,0,0,0,0,0,0,0,0,0,0,0,0,0,0,0,0,0,0,0,0,0,0,0,0,0,0,0,0,0,0,0,0,0,0,0,0,0,0,0,0,0,0,0,0,0,0,0,0,0,1,0,0,0,0,0,0,0,0,0,0,0,0,0,0,0,0,0,0,0,0,0,0,0,0,0,0,0,0,0,0,0,1,0,0,0,0,0,0,0,0,0,0,0,0,0,0,0,0,0,0,0,0,0,0,0,0,0,0,0,0,0,0,0,0,0,0,0,0,0,0,0,0,0,0,0,0,0,0,0,0,0,0,0,0,0,0,0,0,0,0,0,0,0,0,0,0,0,0,1,0,0,0
CURSOS DE CAPACITACIÓN A PRESTADORES DE SERVICIOS TURÍSTICOS Y PERSONAL DE PRIMER CONTACTO,Secretaría de Turismo,Secretaría de Turismo,Pachuca De Soto,0,0,"Brindar cursos de capacitación en materia turística a los prestadores de servicios turísticos y a personal de primer contacto, para que a su vez den información certera al turista y/o vistante al nuestro estado. 
Listado de Cursos:
Cultura y Patrimonio Turístico
Calidad en el servicio
Atención al Turista 
Satisfacción al cliente 
Virus de la Actitud
Trabajo en Equipo
Marketin por redes sociales
Medidas preventivas de accidentes en balnearios",0,0,0,0,0,0,0,0,0,0,0,0,0,0,0,0,0,0,0,0,0,0,0,0,0,0,0,0,0,0,0,0,1,0,0,0,0,0,0,0,0,0,0,0,0,0,0,0,0,0,0,0,0,0,0,0,0,0,0,0,0,0,0,0,0,0,0,0,0,0,0,0,0,0,0,0,0,0,0,0,0,0,0,0,0,0,0,0,0,0,0,0,0,0,0,0,0,0,0,0,0,0,0,0,0,0,0,0,0,0,0,0,0,0,0,0,0,0,0,0,0,0,0,0,0,0,0,0,0,0,0,0,0,0,0,0,0,0,0,0,0,0,0,0,0,0,0,0,0,0,0,0,0,0,0,0,0,0,0,0,0,0,0,0,0,0,0,0,0,0,0,0,0,0,0,0,0,0,0,0,0,0,0,0,0,0,0,0,0
ACCIONES EN MATERIA DE PROTECCIÓN DE LOS DERECHOS HUMANOS DE LAS MUJERES,Secretaría de Gobierno,Instituto Hidalguense de las Mujeres,Pachuca De Soto,0,0,"Promover el conocimiento y ejercicio de los derechos humanos de las mujeres, mediante servicios de atención jurídica y psicológica, con perspectiva de género de forma personal y vía telefónica.",1,0,1,0,0,0,0,0,0,0,0,0,0,0,0,0,0,0,0,0,0,0,0,0,0,0,0,0,0,0,0,0,0,0,0,0,0,0,0,0,0,0,0,0,0,0,0,0,0,0,0,0,0,0,0,0,0,0,0,0,0,0,0,0,0,0,0,0,0,0,0,0,0,0,0,0,0,0,0,0,0,0,0,0,0,0,0,0,0,0,0,0,0,0,0,0,0,0,0,0,0,0,0,0,0,0,0,0,0,0,0,0,0,0,0,0,0,0,0,0,0,0,0,0,0,0,0,0,0,0,0,0,0,0,0,0,0,0,0,0,0,0,0,0,0,0,0,0,0,0,0,0,0,0,0,0,0,0,0,0,0,0,0,0,0,0,0,0,0,0,0,0,0,0,0,0,0,0,0,0,0,0,0,0,0,0,0,0,0
Registro Profesional Estatal,Secretaría de Educación Pública,Secretaría de Educación Pública,0,Subsecretaría de Educación Media Superior y Superior,Dirección General de Profesiones,Documento que comprueba que una persona terminó por completo sus estudios y tiene los conocimientos para ejercer su profesión en la Entidad.,0,0,1,0,0,0,0,0,0,0,1,0,1,1,0,0,0,0,0,0,0,0,0,0,1,1,0,0,0,0,0,0,0,1,0,0,0,0,0,0,0,0,0,0,0,0,0,0,0,0,0,0,0,0,0,0,0,0,0,0,0,0,0,0,0,0,0,1,0,0,0,0,0,0,0,0,0,0,0,0,0,0,0,0,0,0,0,0,0,0,0,0,0,0,0,0,0,0,0,0,0,0,0,0,0,0,0,1,0,0,0,0,0,0,0,0,0,0,0,0,0,0,0,0,0,0,0,0,0,0,0,0,0,0,0,0,0,0,0,0,0,0,0,0,0,0,0,0,0,0,0,0,0,0,0,0,0,0,0,0,0,0,0,0,0,0,0,0,0,0,1,0,0,0,0,0,0,0,0,0,0,0,0,0,0,0,0,0,0
Por el Registro Estatal de Consultores en materia de Protección Civil,Secretaría de Gobierno,Subsecretaría de Protección Civil y Gestión de Riesgos,0,0,0,Tramite para el Registro Estatal de Consultores en materia de Protección Civil,1,0,1,1,0,0,1,1,0,0,0,1,0,0,0,0,0,0,0,0,0,0,0,0,0,0,0,0,0,0,0,0,0,0,0,0,0,0,0,0,0,0,0,0,0,0,0,0,0,0,0,0,1,1,0,0,0,0,0,0,0,0,0,0,0,0,0,0,0,0,0,0,0,0,0,0,0,0,0,0,0,0,0,0,0,0,0,0,0,0,0,0,0,0,0,0,0,0,0,0,0,0,0,0,0,0,0,0,0,0,0,0,0,0,0,0,0,0,0,0,0,0,0,0,0,0,0,0,0,0,0,0,0,0,1,1,1,1,1,0,0,0,0,0,0,0,0,0,0,0,0,0,0,0,0,0,0,0,0,0,0,0,0,0,0,0,0,0,0,0,0,0,0,0,0,0,0,0,0,0,0,0,0,0,0,0,0,0,0
"ASESORÍA TÉCNICA, ESPECIALIZADA EN AGRICULTURA SUSTENTABLE",Secretaría de Agricultura y Desarrollo Rural,Secretaría de Desarrollo Agropecuario,0,Subsecretaría de Planeación y Evaluación Sectorial,0,"Asesoría Técnica a Productores/as Agrícolas Hidalguenses, en cuestión del manejo de cultivos, enfocados hacia una agricultura más sustentable, adaptación de cultivos alternativos con un mercado asegurado bajo el portafolio de agricultura por contrato. Transferencia de tecnología probada y validada, así como el uso de nuevas tecnologías para hacer más eficiente y preciso la labores en el campo.",1,0,1,0,0,0,0,0,0,0,0,0,0,0,0,0,0,0,0,0,0,0,0,0,0,0,0,0,0,0,0,0,0,0,0,0,0,0,0,0,0,0,0,0,0,0,0,0,0,0,0,0,0,0,0,0,0,0,0,0,0,0,0,0,0,0,0,0,0,0,0,0,0,0,0,0,0,0,0,0,0,0,0,0,0,0,0,0,0,0,0,0,0,0,0,0,1,0,0,0,0,0,0,0,0,0,0,0,0,0,0,0,0,0,0,0,0,0,0,0,0,0,0,0,0,0,0,0,0,0,0,0,0,0,0,0,0,0,0,0,0,0,0,0,0,0,0,0,0,0,0,0,0,0,0,0,0,0,0,0,0,0,0,0,0,0,0,0,0,0,0,0,0,0,0,0,0,0,0,0,0,0,0,0,0,0,0,0,0
ASISTENCIA TÉCNICA Y CAPACITACIÓN PECUARIA,Secretaría de Agricultura y Desarrollo Rural,Secretaría de Desarrollo Agropecuario,0,Subsecretaria de desarrollo agropecuario,Dirección General de Ganadería,"Se ofrece Asistencia Técnica y Capacitación Pecuaria directa a productores/as del Estado con la finalidad de incrementar los ingresos económicos en el sector rural, aumentando la productividad pecuaria mediante la adopción y aplicación de nuevas tecnologías.",1,0,1,0,0,0,0,0,0,0,0,1,0,0,0,0,0,0,0,0,0,0,0,0,0,0,0,0,0,0,0,0,0,0,0,0,0,0,0,0,0,0,0,0,0,0,0,0,0,0,0,0,0,0,0,0,0,0,0,0,0,0,0,0,0,0,0,0,0,0,0,0,0,0,0,0,0,0,0,0,0,0,0,0,0,0,0,0,0,0,0,0,0,0,0,0,0,0,0,0,0,0,0,0,0,0,0,0,0,0,0,0,0,0,0,0,0,0,0,0,0,0,0,0,0,0,0,0,0,0,0,0,0,0,0,0,0,0,0,0,0,0,0,0,0,0,0,0,0,0,0,0,0,0,0,0,0,0,0,0,0,0,0,0,0,0,0,0,0,0,0,0,0,0,0,0,0,0,0,0,0,0,0,0,0,0,0,0,0
CAPACITACIÓN ACUICOLA Y PESQUERA,Secretaría de Agricultura y Desarrollo Rural,Secretaría de Desarrollo Agropecuario,0,Subsecretaria de desarrollo agropecuario,"Directora General de Silvicultura, Acuacultura, Fruticultura y del Maguey.","Otorgar asistencia técnica en materia de acuacultura y pesca a productores/as dedicados/as a esta actividad en el Estado de Hidalgo, y a productores/as que dispongan de terrenos y suministro de agua (manantiales, ríos, arroyos, pozos, etc.) para establecer nuevos proyectos acuícolas. La asistencia técnica se brinda a través de personal técnico de campo adscrito a la Dirección de Acuacultura en materia de seguimiento en el cultivo de peces, tecnificación de unidades de producción acuícola, y dictámenes técnicos para el establecimiento de nuevos proyectos, ampliación y rehabilitación de unidades de producción acuícolas.",1,0,0,0,0,0,0,0,0,0,0,0,0,0,0,0,0,0,0,0,0,0,0,0,0,0,0,0,0,0,0,0,1,0,0,0,0,0,0,0,0,0,0,0,0,0,0,0,0,0,0,0,0,0,0,0,0,0,0,0,0,0,0,0,0,0,0,0,0,0,0,0,0,0,0,0,0,0,0,0,0,0,0,0,0,0,0,0,0,0,0,0,0,0,0,0,0,0,0,0,0,0,0,0,0,0,0,0,0,0,0,0,0,0,0,0,0,0,0,0,0,0,0,0,0,0,0,0,0,0,0,0,0,0,0,0,0,0,0,0,0,0,0,0,0,0,0,0,0,0,0,0,0,0,0,0,0,0,0,0,0,0,0,0,0,0,0,0,0,0,0,0,0,0,0,0,0,0,0,0,0,0,0,0,0,0,0,0,0
Atención jurídica en Materia Penal,Secretaría de Gobierno,Centro de Justicia Para Mujeres,0,N/A,N/A,"Se proporciona asesoría jurídica en materia penal y, en su caso, asistencia y representación jurídica a mujeres en proceso de atención en el Centro de Justicia, dentro de los municipios que conforman el Distrito Judicial XI, que de acuerdo con el artículo 45 de la Ley Orgánica del Poder Judicial del Estado de Hidalgo, se integra por: Pachuca de Soto, Mineral de la Reforma, Mineral del Monte, Mineral de Chico, Epazoyucan y Zempoala.",1,0,0,0,0,0,0,0,0,0,0,0,0,0,0,0,0,0,0,0,0,0,0,0,0,0,0,0,0,0,0,0,0,0,0,0,0,0,0,0,0,0,0,0,0,0,0,0,0,0,0,0,0,0,0,0,0,0,0,0,0,0,0,0,0,0,0,0,0,0,0,0,0,0,0,0,0,0,0,0,0,0,0,0,0,0,0,0,0,0,0,0,0,0,0,0,0,0,0,0,0,0,0,0,0,0,0,0,0,0,0,0,0,0,0,0,0,0,0,0,0,0,0,0,0,0,0,0,0,0,0,0,0,0,0,0,0,0,0,0,0,0,0,0,0,0,0,0,0,0,0,0,0,0,0,0,0,0,0,0,0,0,0,0,0,0,0,0,0,0,0,0,0,0,0,0,0,0,0,0,0,0,0,0,0,0,0,0,0
Expedición de Actas del Registro Familiar,Secretaría de Gobierno,Dirección General del Registro del Estado Familiar,0,0,Dirección General del Registro del Estado Familiar,"Expedición de Copia Certificada de los diferentes Actos Registrales.

Nacimiento
Matrimonio
Defunción 
Divorcio
Reconocimiento de Paternidad",0,0,0,0,0,0,0,0,0,0,0,0,0,0,0,0,0,0,0,0,0,0,0,0,0,0,0,0,0,0,0,0,0,0,0,0,0,0,0,0,0,0,0,0,0,0,0,0,0,0,0,0,0,0,0,0,0,0,0,0,0,0,0,0,0,0,0,0,0,0,0,0,0,0,0,0,0,0,0,0,0,0,0,0,0,0,0,0,0,0,0,0,0,0,0,0,0,0,0,0,0,0,0,0,0,0,0,0,0,0,0,0,0,0,0,0,0,0,0,0,0,0,0,0,0,0,0,0,0,0,0,0,0,0,0,0,0,0,0,0,0,0,0,0,0,0,0,0,0,0,0,0,0,0,0,0,0,0,0,0,0,0,0,0,0,0,0,0,0,0,0,0,0,0,0,0,0,0,0,0,0,0,0,0,0,0,0,0,0
Atención Jurídica en Materia Familiar,Secretaría de Gobierno,Centro de Justicia Para Mujeres,Pachuca De Soto,N/A,N/A,"Se proporciona asesoría jurídica en materia familiar y, en su caso, asistencia jurídica a mujeres en proceso de atención en el Centro de Justicia, dentro de los municipios que conforman el Distrito Judicial XI, que de acuerdo con el artículo 45 de la Ley Orgánica del Poder Judicial del Estado de Hidalgo, se integra por: Pachuca de Soto, Mineral de la Reforma, Mineral del Monte, Mineral de Chico, Epazoyucan y Zempoala.",1,0,0,0,0,0,0,0,0,0,1,0,0,0,0,0,0,0,0,0,0,0,0,0,0,0,0,0,0,0,0,0,0,0,0,0,0,0,0,0,0,0,0,0,0,0,0,0,0,0,0,0,0,0,0,0,0,0,0,0,0,0,0,0,0,0,0,0,0,0,0,0,0,0,0,0,0,0,0,0,0,0,0,0,0,0,0,0,0,0,0,0,0,0,0,0,0,0,0,0,0,0,0,0,0,0,0,0,0,0,0,0,0,0,0,0,0,0,0,0,0,0,0,0,0,0,0,0,0,0,0,0,0,0,0,0,0,0,0,0,0,0,0,0,0,0,0,0,0,0,0,0,0,0,0,0,0,0,0,0,0,0,0,0,0,0,0,0,0,0,0,0,0,0,0,0,0,0,0,0,0,0,0,0,0,0,0,0,0
Certificación de clave CURP,Secretaría de Gobierno,Dirección General del Registro del Estado Familiar,0,0,Dirección General del Registro del Estado Familiar,"La certificación de la Clave Única de Registro de Población (CURP), se deriva de la interconexión con el acta de nacimiento.",0,0,0,0,0,0,0,0,0,0,1,0,0,0,0,0,0,0,0,0,0,0,0,0,0,0,0,0,0,0,0,0,0,0,0,0,0,0,0,0,0,0,0,0,0,0,0,0,0,0,0,0,0,0,0,0,0,0,0,0,0,0,0,0,0,0,0,0,0,0,0,0,0,0,0,0,0,0,0,0,0,0,0,0,0,0,0,0,0,0,0,0,0,0,0,0,0,0,0,0,0,0,0,0,0,0,0,0,0,0,0,0,0,0,0,0,0,0,0,0,0,0,0,0,0,0,0,0,0,0,0,0,0,0,0,0,0,0,0,0,0,0,0,0,0,0,0,0,0,0,0,0,0,0,0,0,0,0,0,0,0,0,0,0,0,0,0,0,0,0,0,0,0,0,0,0,0,0,0,0,0,0,0,0,0,0,0,0,0
REGISTRO DE DIRECTOR RESPONSABLE Y CORRESPONSABLE,Secretaría de Infraestructura Pública y Desarrollo Urbano Sostenible,Secretaría de Obras Públicas y Ordenamiento Territorial,0,Subsecretaria de Desarrollo Urbano Sostenible,Dirección General de Imagen y Desarrollo Urbano Sostenible,"Obtener el registro y categorías de acuerdo a su experiencia y profesión, para tramitar como aval las licencias, constancias y demás autorizaciones establecidas en las disposiciones reglamentarias, teniendo bajo su encargo la realización de los proyectos",0,0,0,0,0,0,0,0,0,0,0,0,0,0,0,0,0,0,0,0,0,0,0,0,1,1,1,1,1,0,0,0,1,1,0,0,0,0,0,0,0,0,0,1,0,0,0,0,0,0,0,0,0,0,0,0,0,0,0,0,0,0,0,0,0,0,0,0,0,0,0,0,0,0,0,0,0,0,0,0,0,0,0,0,0,0,0,0,0,0,0,0,0,0,0,0,0,0,0,0,0,0,0,0,0,0,0,0,0,0,0,0,0,0,0,0,0,0,0,0,0,0,0,0,0,0,0,0,0,0,0,0,0,0,0,0,0,0,0,0,0,0,0,0,0,0,0,0,0,0,0,0,0,0,0,0,0,0,0,0,0,0,0,0,0,0,0,0,0,0,0,0,0,0,0,0,0,0,0,0,0,0,0,0,0,0,0,0,0
LICENCIA DE USO DE SUELO,Secretaría de Infraestructura Pública y Desarrollo Urbano Sostenible,Secretaría de Obras Públicas y Ordenamiento Territorial,0,Subsecretaria de Desarrollo Urbano Sostenible,0,"Es el documento en el cual se autoriza los usos y destinos específicos de un predio en base a lo que establezcan los programas de desarrollo urbano y a las compatibilidades de usos colindantes, la cual no autoriza su modificación, construcción, alteración o fraccionamiento",1,0,0,0,0,0,0,0,0,0,0,0,0,0,0,0,0,0,0,0,0,0,0,0,0,0,0,0,0,0,0,0,1,1,0,0,0,0,0,0,0,0,1,0,0,0,0,0,0,0,0,0,0,0,0,0,0,0,0,0,0,0,0,0,0,0,0,0,0,0,0,0,0,0,0,1,0,1,0,0,0,0,0,0,0,0,0,0,0,0,0,0,0,0,0,1,0,0,1,0,0,0,0,0,0,0,0,0,0,0,0,0,0,0,0,0,0,0,0,0,0,0,0,0,0,0,0,0,0,0,0,0,0,0,0,0,0,0,0,0,0,0,0,0,0,0,0,0,0,0,0,0,0,0,0,0,0,0,0,0,0,0,0,0,0,0,0,0,0,0,0,0,1,1,0,0,0,0,0,0,0,0,0,0,0,0,0,0,0
DICTAMEN DE ESTUDIO DE IMPACTO URBANO Y VIAL,Secretaría de Infraestructura Pública y Desarrollo Urbano Sostenible,Secretaría de Obras Públicas y Ordenamiento Territorial,0,Subsecretaria de Desarrollo Urbano Sostenible,Dirección General de Imagen y Desarrollo Urbano Sostenible,"Documento expedido por la Secretaría, mediante el cual se establecen las acciones compensatorias y mitigatorias del impacto de una acción urbana",1,0,0,0,0,0,0,0,0,0,0,0,0,0,0,0,0,0,0,0,0,0,0,0,0,0,0,0,0,0,0,0,1,1,0,0,0,0,0,0,0,0,0,0,0,0,0,0,0,0,0,0,0,0,0,0,0,0,0,0,0,0,0,0,0,0,0,0,0,0,0,0,0,0,0,0,0,0,0,0,0,0,0,0,0,0,0,0,0,0,0,0,0,0,0,0,0,0,0,0,1,0,0,0,0,0,0,0,0,0,0,0,0,0,0,0,0,0,0,0,0,0,0,0,0,0,0,0,0,0,0,0,0,0,0,0,0,0,0,0,0,0,0,0,0,0,0,0,0,0,0,0,0,0,0,0,0,0,0,0,0,0,0,0,0,0,0,0,0,0,0,1,0,0,0,0,0,0,0,0,0,0,0,0,0,0,0,0,0
CONSTANCIA DE USO DE SUELO,Secretaría de Infraestructura Pública y Desarrollo Urbano Sostenible,Secretaría de Obras Públicas y Ordenamiento Territorial,0,Subsecretaria de Desarrollo Urbano Sostenible,Dirección General de Imagen y Desarrollo Urbano Sostenible,"Es el documento en el cual se hacen constar los usos generales de un predio en base a su uso actual o al uso que establezcan los Programas de Desarrollo Urbano y Ordenamiento Ecológico, el cual no autoriza modificación, construcción o alteración del predio",1,0,0,0,0,0,0,0,0,0,0,0,0,0,0,0,0,0,0,0,0,0,0,0,0,0,0,0,0,0,0,0,1,1,0,0,1,0,0,0,0,0,1,0,0,0,0,0,0,0,0,0,0,0,0,0,0,0,0,0,0,0,0,0,0,0,0,0,0,0,0,0,0,0,0,0,0,0,0,0,0,0,0,0,0,0,0,0,0,0,0,0,0,0,0,1,0,0,0,0,0,0,0,0,0,0,0,0,0,0,0,0,0,0,0,0,0,0,0,0,0,0,0,0,0,0,0,0,0,0,0,0,0,0,0,0,0,0,0,0,0,0,0,0,0,0,0,0,0,0,0,0,0,0,0,0,0,0,0,0,0,0,0,0,0,0,0,0,0,0,0,0,0,0,0,0,0,0,0,0,0,0,0,0,0,0,0,0,0
AUTORIZACIÓN DE SUBDIVISIÓN,Secretaría de Infraestructura Pública y Desarrollo Urbano Sostenible,Secretaría de Obras Públicas y Ordenamiento Territorial,0,Subsecretaria de Desarrollo Urbano Sostenible,0,Es el documento en el que se autoriza la partición de un predio en dos o más fracciones y que no requieran el trazo de vías públicas.,1,0,0,0,0,0,0,0,0,0,0,0,0,0,0,0,0,0,0,0,0,0,0,0,0,0,0,0,0,0,0,0,0,1,0,0,0,0,0,0,0,0,0,0,0,0,0,0,0,0,0,0,0,0,0,0,0,0,0,0,0,0,0,0,0,0,0,0,0,0,0,0,0,0,0,0,0,0,0,0,0,0,0,0,0,0,0,0,0,0,0,0,0,0,0,0,0,1,0,0,0,0,0,0,0,0,0,0,0,0,0,0,0,0,0,0,0,0,0,0,0,0,0,0,0,0,0,0,0,0,0,0,0,0,0,0,0,0,0,0,0,0,0,0,0,0,0,0,0,0,0,0,0,0,0,0,0,0,0,0,0,0,0,0,0,0,0,0,0,0,0,1,0,0,0,0,0,0,0,0,0,0,0,0,0,0,0,0,0
Impartición de justicia de conflictos laborales del sector público,Secretaría de Trabajo y Previsión Social,Secretaría de Trabajo y Previsión Social,0,0,Tribunal de Arbitraje,"Cuando los trabajadores sean despedidos, reclamen prestaciones que no les han sido cubiertas, o bien los titulares pretendan la terminación del nombramiento de algún trabajador; pueden acudir ante el Tribunal a interponer una demanda con la que se da inicio al procedimiento laboral, y una vez agotado el mismo, se emite  una resolución final que se llama Laudo  en la que se determina en base a la Ley, la procedencia o improcedencia de las peticiones",0,0,0,0,0,0,0,0,0,0,0,0,0,0,0,0,0,0,0,0,0,0,0,0,0,0,0,0,0,0,0,0,1,0,0,0,0,0,0,0,0,0,0,0,0,0,0,0,0,0,0,0,0,0,0,0,0,0,0,0,0,0,0,0,0,0,0,0,0,0,0,0,0,0,0,0,0,0,0,0,0,0,0,0,0,0,0,0,0,0,0,0,0,0,0,0,0,0,0,0,0,0,0,0,0,0,0,0,0,0,0,0,0,0,0,0,0,0,0,0,0,0,0,0,0,0,0,0,0,0,0,0,0,0,0,0,0,0,0,0,0,0,0,0,0,0,0,0,0,0,0,0,0,0,0,0,0,0,0,0,0,0,0,0,0,0,0,0,0,0,0,0,0,0,0,0,0,0,0,0,0,0,0,0,0,0,0,0,0
Recurso de Revocación Federal,Secretaría de Hacienda,Secretaría de Hacienda,0,0,Procuraduría Fiscal del Estado de Hidalgo,"Es el medio de defensa legal con que cuenta el contribuyente que se siente afectado por una Resolución Administrativa de carácter Federal, para obtener de la autoridad una revisión a fin de que ésta la revoque, anule o modifique, en caso de encontrar ilegal la misma.",0,0,0,0,0,0,0,0,0,0,0,0,0,0,0,0,0,0,0,0,0,0,0,0,0,0,0,0,0,0,0,0,0,0,0,0,0,0,0,0,0,0,0,0,0,0,0,0,0,0,0,0,0,0,0,0,0,0,0,0,0,0,0,0,0,0,0,0,0,0,0,0,0,0,0,0,0,0,0,0,0,0,0,0,0,0,0,0,0,0,0,0,0,0,0,0,0,0,0,1,0,0,0,0,0,0,0,0,0,0,0,0,0,0,0,0,0,0,0,0,0,0,0,0,0,0,0,0,0,0,0,0,0,0,0,0,0,0,0,0,0,0,0,0,0,0,0,0,0,0,0,0,0,0,0,0,0,0,0,0,0,0,1,1,1,1,0,0,0,0,0,0,0,0,0,0,0,0,0,0,0,0,0,0,0,0,0,0,0
Recurso de Revocación Estatal,Secretaría de Hacienda,Secretaría de Hacienda,0,0,Procuraduría Fiscal del Estado de Hidalgo,"Es el medio de defensa legal con que cuenta el contribuyente que se siente afectado por una Resolución Administrativa de carácter Estatal, para obtener de la autoridad una revisión a fin de que ésta la revoque, anule o modifique, en caso de encontrar ilegal la misma.",0,0,0,0,0,0,0,0,0,0,0,0,0,0,0,0,0,0,0,0,0,0,0,0,0,0,0,0,0,0,0,0,0,0,0,0,0,0,0,0,0,0,0,0,0,0,0,0,0,0,0,0,0,0,0,0,0,0,0,0,0,0,0,0,0,0,0,0,0,0,0,0,0,0,0,0,0,0,0,0,0,0,0,0,0,0,0,0,0,0,0,0,0,0,0,0,0,0,0,1,0,0,0,0,0,0,0,0,0,0,0,0,0,0,0,0,0,0,0,0,0,0,0,0,0,0,0,0,0,0,0,0,0,0,0,0,0,0,0,0,0,0,0,0,0,0,0,0,0,0,0,0,0,0,0,0,0,0,0,0,0,0,1,1,1,1,0,0,0,0,0,0,0,0,0,0,0,0,0,0,0,0,0,0,0,0,0,0,0
Pago a plazos o en parcialidades de Créditos Fiscales radicados en la Procuraduría Fiscal del Estado de Hidalgo,Secretaría de Hacienda,Secretaría de Hacienda,0,0,Procuraduría Fiscal del Estado de Hidalgo,"Facilidad que permite cubrir el monto total del adeudo, mediante parcialidades o pago diferido.",1,1,0,0,0,0,0,0,0,0,0,0,0,0,0,0,0,0,0,0,0,0,0,0,0,0,0,0,0,0,0,0,1,0,0,0,0,0,0,0,0,0,0,0,0,0,0,0,0,0,0,0,0,0,0,0,0,0,0,0,0,0,0,0,0,0,0,0,0,0,0,0,0,0,0,0,0,0,0,0,0,0,0,0,0,0,0,0,0,0,0,0,0,0,0,0,0,0,0,0,0,0,0,0,0,0,0,0,0,0,0,0,0,0,0,0,0,0,0,0,0,0,0,0,0,0,0,0,0,0,0,0,0,0,0,0,0,0,0,0,0,0,0,0,0,0,0,0,0,0,0,0,0,0,0,0,0,0,0,0,0,0,0,0,0,0,0,0,0,0,0,0,0,0,0,0,0,0,0,0,0,1,1,0,0,1,0,0,0
Pago de Créditos Fiscales derivado de multas estatales no fiscales,Secretaría de Hacienda,Secretaría de Hacienda,0,0,Procuraduría Fiscal del Estado de Hidalgo,Que la persona física o moral pague el crédito fiscal a su cargo.,1,0,0,0,1,0,0,0,0,0,0,0,0,0,0,0,0,0,0,0,0,0,0,0,0,0,0,0,0,0,0,0,0,1,0,0,0,0,0,0,0,0,0,0,0,0,0,0,0,0,0,0,0,0,0,0,0,0,0,0,0,0,0,0,0,0,0,0,0,0,0,0,0,0,0,0,0,0,0,0,0,0,0,0,0,0,0,0,0,0,0,0,0,0,0,0,0,0,0,0,0,0,0,0,0,0,0,0,0,0,0,0,0,0,0,0,0,0,0,0,0,0,0,0,0,0,0,0,0,0,0,0,0,0,0,0,0,0,0,0,0,0,0,0,0,0,0,0,0,0,0,0,0,0,0,0,0,0,0,0,0,0,0,0,0,0,0,0,0,0,0,0,0,0,0,0,0,0,0,0,0,0,0,0,0,0,0,0,0
AUTORIZACIÓN DE FRACCIONAMIENTO,Secretaría de Infraestructura Pública y Desarrollo Urbano Sostenible,Secretaría de Obras Públicas y Ordenamiento Territorial,0,Subsecretaria de Desarrollo Urbano Sostenible,0,"Es el documento en el que se autoriza la división de un predio en dos o más lotes, y que requiera del trazo de vialidades, así como la ejecución de obras de urbanización que le permitan la dotación de infraestructura, equipamiento y servicios urbanos.",1,0,0,0,0,0,0,0,0,0,0,0,0,0,0,0,0,0,0,0,0,0,0,0,0,0,0,0,0,0,0,0,1,1,0,1,0,0,1,0,0,0,0,0,0,0,0,0,0,0,0,0,0,0,0,0,0,0,0,0,0,0,0,0,0,0,0,0,0,0,0,0,0,0,0,0,0,0,0,0,0,0,0,0,0,0,0,0,0,1,1,1,1,0,0,0,0,1,0,0,0,0,0,0,0,0,0,0,0,0,0,0,0,0,0,0,0,0,0,0,0,0,0,0,0,0,0,0,0,0,0,0,0,0,0,0,0,0,0,0,0,0,0,0,0,0,0,0,0,0,0,0,0,0,0,0,0,0,0,0,0,0,0,0,0,0,0,0,0,0,0,1,0,0,0,0,0,0,0,0,0,0,0,0,0,0,0,0,0
Pago a plazos de contribuciones en materia Federal (DGAC),Secretaría de Hacienda,Secretaría de Hacienda,0,Subsecretaría de Ingresos,Dirección General de Recaudación,"El pago a plazos es una modalidad que permite que los contribuyentes cubran las contribuciones federales omitidas y sus accesorios, ya sea de forma diferida o en parcialidades, sin que dicho plazo exceda de treinta y seis meses tratándose del pago en parcialidades y de doce meses para el pago diferido. Se deben cumplir los requisitos señalados, incluyendo un pago inicial de cuando menos el 20% del monto total adeudado actualizado, la diferencia quedará financiada con una tasa de recargos sobre saldos, que va del 1.26% al 1.82%, según corresponda al número de parcialidades, así como la tasa del 1.82% para pago diferido.",1,0,0,0,0,0,0,0,0,0,0,0,0,0,0,0,0,0,0,0,0,0,0,0,0,0,0,0,0,0,0,0,1,0,0,0,0,0,0,0,0,0,0,0,0,0,0,0,0,0,0,0,0,0,0,0,0,0,0,0,0,0,0,0,0,0,0,0,0,0,0,0,0,0,0,0,0,0,0,0,0,0,0,0,0,0,0,0,0,0,0,0,0,0,0,0,0,0,0,0,0,0,0,0,0,0,1,0,0,0,0,0,0,0,0,0,0,0,0,0,0,0,0,0,0,0,0,0,0,0,0,0,0,0,0,0,0,0,0,0,0,0,0,0,0,0,0,0,0,0,0,0,0,0,0,0,0,0,0,0,0,0,0,0,0,0,0,0,0,1,0,0,0,0,0,0,0,0,0,0,0,0,0,0,0,0,0,0,0
Impuesto sobre Tenencia y Refrendo Vehicular (para vehículo particular y de demostración),Secretaría de Hacienda,Secretaría de Hacienda,0,Subsecretaría de Ingresos,Dirección General de Recaudación,"• Impuesto sobre Tenencia o Uso de vehículos.
• Refrendo de vehículos de transporte privado, remolques, motocicletas y vehículos antiguos.
• Refrendo de vehículos destinados al transporte de personas con discapacidad. 
• Refrendo de vehículos de Demostración.

La tenencia es el impuesto que se paga por tener un vehículo; el refrendo es el pago de derechos que se realiza por el uso de las placas del vehículo. Ambos se pagan anualmente.",1,0,1,0,0,0,0,0,0,0,0,1,0,0,0,0,0,0,0,0,0,0,1,0,0,0,0,0,0,0,0,0,1,1,0,0,0,0,0,1,0,0,0,0,0,0,0,0,0,0,1,1,0,0,0,0,0,1,1,1,0,0,0,0,1,1,1,0,0,0,0,0,0,0,1,0,0,0,0,0,0,0,0,0,0,0,0,0,0,0,0,0,0,0,0,0,0,0,0,1,0,0,0,0,0,0,0,0,0,0,0,0,0,0,0,0,0,1,0,0,0,0,0,0,0,0,0,0,0,0,0,0,0,0,0,0,0,0,0,0,0,0,0,0,0,0,0,0,0,0,0,0,0,0,0,0,0,0,0,0,0,0,0,0,0,0,1,0,0,1,0,0,0,0,0,0,0,0,0,0,0,0,0,0,0,1,0,0,0
Declaración de ISR Enajenación de Bienes Inmuebles Impuestos Federales Coordinados,Secretaría de Hacienda,Secretaría de Hacienda,0,Subsecretaría de Ingresos,Dirección General de Recaudación,"La entidad cuenta con un módulo de cobro en el Sistema Integral Tributario, para que generen y paguen las declaraciones los fedatarios públicos los cuales enteran el 5% a la entidad del ISR retenido a contribuyentes que enajenen terrenos, construcciones o terrenos y construcciones.",0,0,0,1,0,0,0,0,0,0,0,0,0,0,0,0,0,0,0,0,0,0,0,0,0,0,0,0,0,0,0,0,0,1,0,0,0,0,0,0,0,0,0,0,0,0,0,0,0,0,0,0,0,0,0,0,0,0,0,0,0,0,0,0,0,0,0,0,0,0,0,0,0,0,0,0,0,0,0,0,0,0,0,0,0,0,0,0,0,0,0,0,0,0,0,0,0,0,0,0,0,0,0,0,0,0,0,0,0,0,0,0,0,0,0,0,0,0,0,0,0,0,0,0,0,0,0,0,0,0,0,0,0,0,0,0,0,0,0,0,0,0,0,0,0,0,0,0,0,0,0,0,0,0,0,0,0,0,0,0,0,0,0,0,0,0,0,0,0,0,0,0,0,0,0,0,0,0,0,0,0,0,0,0,0,0,0,0,0
Declaración de Impuestos Estatales,Secretaría de Hacienda,Secretaría de Hacienda,0,Subsecretaría de Ingresos,Dirección General de Recaudación,"""Permitir que el contribuyente cumpla con sus obligaciones fiscales estatales, a través de la nueva plataforma del Sistema Integral Tributario (e-SIT), para que generen y paguen las declaraciones en tiempo y forma, de una manera sencilla y práctica.

*Impuesto Sobre Nóminas 
*Impuesto por la Prestación de Servicios de Hospedaje 
*Impuesto Sobre Honorarios y Otras Actividades Lucrativas 
*Impuesto Sobre Loterías, rifas, Sorteos y Concursos""",0,0,0,0,0,0,0,0,0,0,0,0,0,0,0,0,0,0,0,0,0,0,0,0,0,0,0,0,0,0,0,0,0,0,0,0,0,0,0,0,0,0,0,0,0,0,0,0,0,0,0,0,0,0,0,0,0,0,0,0,0,0,0,0,0,0,0,0,0,0,0,0,0,0,0,0,0,0,0,0,0,0,0,0,0,0,0,0,0,0,0,0,0,0,0,0,0,0,0,0,0,0,0,0,0,0,0,0,0,0,0,0,0,0,0,0,0,0,0,0,0,0,0,0,0,0,0,0,0,0,0,0,1,0,0,0,0,0,0,0,0,0,0,0,0,0,0,0,0,0,0,0,0,0,0,0,0,0,0,0,0,0,0,0,0,0,0,0,0,0,0,0,0,0,0,0,0,0,0,0,0,0,0,0,0,0,1,1,0
Copias de documentos que obren en la Procuraduría Fiscal del Estado.,Secretaría de Hacienda,Secretaría de Hacienda,0,0,Procuraduría Fiscal del Estado de Hidalgo,"Copias simples, certificadas o digitales de los documentos y constancias que obren en los archivos de la Procuraduría Fiscal del Estado.",1,0,0,0,0,0,0,0,0,0,0,0,0,0,0,0,0,0,0,0,0,0,0,0,0,0,0,0,0,0,0,0,1,0,0,0,0,0,0,0,0,0,0,0,0,0,0,0,0,0,0,0,0,0,0,0,0,0,0,0,0,0,0,0,0,0,0,0,0,0,0,0,0,0,0,0,0,0,0,0,0,0,0,0,0,0,0,0,0,0,0,0,0,0,0,0,0,0,0,0,0,0,0,0,0,0,0,0,0,0,0,0,0,0,0,0,0,0,0,0,0,0,0,0,0,0,0,0,0,0,0,0,0,0,0,0,0,0,0,0,0,0,0,0,0,0,0,0,0,0,0,0,0,0,0,0,0,0,0,0,0,0,0,0,0,0,0,0,0,0,0,0,0,0,0,0,0,0,0,0,0,0,0,0,0,0,0,0,0
Canje de Placas,Secretaría de Hacienda,Secretaría de Hacienda,0,Subsecretaría de Ingresos,Dirección General de Recaudación,"TRÁMITES RELACIONADOS CON EL CANJE DE PLACAS PARA VEHÍCULO PARTICULAR, REMOLQUE, MOTOCICLETAS, ANTIGUO, DE DISCAPACITADOS, DEMOSTRACIÓN Y PARA SERVICIO PÚBLICO

- Canje de placas
- Actualización de datos que de origen al canje de placas metálicas para vehículos particulares, antiguos, de discapacitados, remolques, motocicletas y para servicio público
- Impuesto sobre Adquisición de Vehículos Usados (cambio de propietario)
- Transferencia de Concesión en caso de Servicio Público  (Impuesto sobre Adquisición de Vehículos Usados)
 
Actualizar los vehículos que cuentan con placas no vigentes del Estado de Hidalgo, ya sean placas de circulación normales o con numeración especifica.",1,0,0,0,0,0,0,0,0,0,0,1,0,0,0,0,0,0,0,0,0,0,0,0,0,0,0,0,0,0,0,0,0,1,0,0,0,0,0,0,0,0,0,0,0,0,0,0,0,0,1,1,0,0,0,0,0,0,0,0,0,0,0,0,1,1,1,0,0,0,0,0,0,1,0,0,0,0,0,0,0,0,0,0,0,0,0,0,0,0,0,0,0,0,0,0,0,0,0,0,0,0,0,0,0,0,0,0,0,0,0,0,0,0,0,0,0,1,0,0,0,0,0,0,0,0,0,0,0,0,0,0,0,0,0,0,0,0,0,0,0,0,0,0,0,0,0,0,0,0,0,0,0,0,0,0,0,0,0,0,0,0,0,0,0,0,0,0,0,1,0,0,0,0,0,0,0,0,0,0,0,0,0,0,0,1,0,0,0
Impartición de Justicia en Conflictos Laborales del Sector Privado,Secretaría de Trabajo y Previsión Social,Secretaría de Trabajo y Previsión Social,0,0,Junta Local de Conciliación y Arbitraje,"La Junta Local de Conciliación y Arbitraje conoce de las demandas presentadas hasta antes del día 03 de noviembre del año 2021 con motivo de los conflictos de carácter laboral suscitados entre patrones y trabajadores de Competencia Local, dando trámite a las mismas en los términos previstos por la Ley Federal del Trabajo, dando solución a dichos conflictos de manera gratuita, expedita e imparcial, lo anterior de conformidad con lo establecido en las Fracciones I, II, III y IV del Artículo Décimo Séptimo Transitorio del Decreto por el que se reforman, adicionan y derogan diversas disposiciones de la Ley Federal del Trabajo, publicado en el Diario Oficial de la Federación el 01 de mayo de 2019.",0,0,0,0,0,0,0,0,0,0,0,0,0,0,0,0,0,0,0,0,0,0,0,0,0,0,0,0,0,0,0,0,0,0,0,0,0,0,0,0,0,0,0,0,0,0,0,0,0,0,0,0,0,0,0,0,0,0,0,0,0,0,0,0,0,0,0,0,0,0,0,0,0,0,0,0,0,0,0,0,0,0,0,0,0,0,0,0,0,0,0,0,0,0,0,0,0,0,0,0,0,0,0,0,0,0,0,0,0,0,0,0,0,0,0,0,0,0,0,0,0,0,0,0,0,0,0,0,0,0,0,0,0,0,0,0,0,0,0,0,0,0,0,0,0,0,0,0,0,0,0,0,0,0,0,0,0,0,0,0,0,0,0,0,0,0,0,0,0,0,0,0,0,0,0,0,0,0,0,0,0,0,0,0,0,0,0,0,0
Baja de vehículo particular,Secretaría de Hacienda,Secretaría de Hacienda,0,Subsecretaría de Ingresos,Dirección General de Recaudación,"TRÁMITES RELACIONADOS CON BAJA DE VEHÍCULOS DE TRANSPORTE PRIVADO, REMOLQUES, MOTOCICLETAS, VEHÍCULOS ANTIGUOS, DE DISCAPACITADOS Y DE DEMOSTRACIÓN

• Baja de vehículo particular y vehículo antiguo.
• Baja de vehículo particular para el transporte de personas discapacitadas.
• Baja de vehículo relacionados con motocicletas y remolques
• Baja de placas de demostración.

Baja de los vehículos particulares, vehículos antiguos, para el transporte de personas discapacitadas y relacionados con motocicletas y remolques del Registro Vehicular Estatal para realizar cambio de adscripción, cambio de servicio, por robo, extravío o siniestro. Así como la cancelación de placas de demostración.",1,0,0,0,0,0,0,0,0,0,0,0,0,0,0,0,0,0,0,0,0,0,0,0,0,0,0,0,0,0,0,0,0,0,0,0,0,0,0,0,0,0,0,0,0,0,0,0,0,0,0,1,0,0,0,0,0,0,0,0,0,0,0,0,0,1,0,0,0,0,0,0,0,0,0,0,0,0,0,0,1,0,0,0,0,0,0,1,0,0,0,0,0,0,0,0,0,0,0,0,0,0,0,0,0,0,0,0,0,0,0,0,0,0,0,0,0,0,0,0,0,0,0,0,0,0,0,0,0,0,0,0,0,0,0,0,0,0,0,0,0,0,0,0,0,0,0,0,0,0,0,0,0,0,0,0,0,0,0,0,0,0,0,0,0,0,0,0,0,0,0,0,0,0,0,0,0,0,0,0,0,0,0,0,0,0,0,0,0
Baja de vehículo de transporte público.,Secretaría de Hacienda,Secretaría de Hacienda,0,Subsecretaría de Ingresos,Dirección General de Recaudación,"TRÁMITES RELACIONADOS CON BAJA DE VEHÍCULOS DE TRANSPORTE PÚBLICO DEL REGISTRO VEHICULAR ESTATAL.

• Baja de vehículo de transporte público.

• Baja al padrón vehicular parar realizar cambios de unidad o cambio de servicio.",1,0,0,0,0,0,0,0,0,0,0,0,0,0,0,0,0,0,1,0,0,0,0,0,0,0,0,0,0,0,0,0,0,0,0,0,0,0,0,0,0,0,0,0,0,0,0,0,0,0,0,1,0,0,0,0,0,0,0,0,0,0,0,0,0,1,0,0,0,0,0,0,0,0,0,0,0,0,0,0,1,0,0,0,0,0,0,1,0,0,0,0,0,0,0,0,0,0,0,0,0,0,0,0,0,0,0,0,0,0,0,0,0,0,0,0,0,0,0,0,0,1,0,0,0,0,0,0,0,0,0,0,0,0,0,0,0,0,0,0,0,0,0,0,0,0,0,0,0,0,0,0,0,0,0,0,0,0,0,0,0,0,0,0,0,0,0,0,0,0,0,0,0,0,0,0,0,0,0,0,0,0,0,0,0,0,0,0,0
Baja Administrativa de Vehículos,Secretaría de Hacienda,Secretaría de Hacienda,0,Subsecretaría de Ingresos,Dirección General de Recaudación,"TRÁMITES RELACIONADOS CON BAJA ADMINISTRATIVA DE VEHÍCULOS DE TRANSPORTE PRIVADO, REMOLQUES, MOTOCICLETAS, VEHÍCULOS ANTIGUOS, Y DE DISCAPACITADOS.

• Baja administrativa de vehículo particular y vehículo antiguo.
• Baja administrativa de vehículo particular para el transporte de personas discapacitadas.
• Baja administrativa de vehículo particular relacionados con motocicletas y remolques.

Para aquellos Contribuyentes que tengan inscrito un vehículo en el Registro Vehicular Estatal y del cual ya no son propietarios, podrán realizar una “Baja Administrativa”, lo cual dejará a salvo su situación fiscal y prevendrán cualquier responsabilidad civil o penal respecto del vehículo.",1,0,0,0,0,0,0,0,0,0,0,0,0,0,0,0,0,0,0,0,0,0,0,0,0,0,0,0,0,0,0,0,0,0,0,0,0,0,0,0,0,0,0,0,0,0,0,0,0,0,0,0,0,0,0,0,0,0,0,0,0,0,0,0,0,0,0,0,0,0,0,0,0,0,0,0,0,0,0,0,1,0,0,0,0,0,0,1,0,0,0,0,0,0,0,0,0,0,0,0,0,0,0,0,0,0,0,0,0,0,0,0,0,0,0,0,0,0,0,0,0,0,0,0,0,0,0,0,0,0,0,0,0,0,0,0,0,0,0,0,0,0,0,0,0,0,0,0,0,0,0,0,0,0,0,0,0,0,0,0,0,0,0,0,0,0,0,0,0,0,0,0,0,0,0,0,0,0,0,0,0,0,0,0,0,0,0,0,0
Alta de vehículo particular,Secretaría de Hacienda,Secretaría de Hacienda,0,Subsecretaría de Ingresos,Dirección General de Recaudación,"TRÁMITES RELACIONADOS CON ALTA DE VEHÍCULOS PARTICULARES (NUEVO, USADO, NACIONAL O EXTRANJERO, CON O SIN CAMBIO DE PROPIETARIO)

Vehículos Particulares, Vehículos antiguos 
   -Alta de vehículos particulares y vehículos antiguos.

Vehículo Particular para el Transporte de Personas Discapacitadas
   -Alta de vehículo particular para el transporte de personas discapacitadas.

Vehículos relacionados con Motocicletas y Remolques
   -Alta de vehículos particulares, remolques, motocicletas y vehículos antiguos.

Placas Especiales (Numeración Específica)
   -Alta de Vehículo particular y vehículos antiguos.
   -Alta de vehículo particular de placas de camión a automóvil.
   -Alta de vehículo particular para el transporte de personas discapacitadas.

Cambio de propietario 
   -Actualización de datos que de origen al canje de placas metálicas para vehículos particulares y vehículos antiguos.
   -Actualización de datos que de origen al canje de placas metálicas para vehículos para el transporte de personas discapacitadas.
   -Actualización de datos que de origen al canje de placas metálicas para vehículos motocicletas y remolques.
   -Impuesto sobre Adquisición de Vehículos Usados (cambio de propietario).

Consultas realizadas a otras dependencias relacionadas con trámites de control vehicular

Registrar a los contribuyentes domiciliados en el Estado de Hidalgo con vehículos que no se encuentren emplacados o porten placas expedidas por otra entidad federativa o de la autoridad federal competente.",1,0,1,0,0,0,0,0,1,0,0,1,0,0,0,0,0,0,0,0,0,0,0,0,0,0,0,0,0,0,0,0,0,0,0,0,0,0,0,0,0,0,0,0,0,0,0,0,0,0,1,1,0,0,0,0,0,0,0,0,0,0,0,0,1,1,1,0,0,0,0,0,0,0,0,0,0,0,0,0,0,0,0,0,0,0,0,0,0,0,0,0,0,0,0,0,0,0,0,0,0,0,0,0,0,0,0,0,0,0,0,0,0,0,0,0,0,0,0,0,0,0,0,0,0,0,0,0,1,0,0,0,0,0,0,0,0,0,0,0,0,0,0,0,0,0,0,0,0,0,0,0,0,0,0,0,0,0,0,0,0,0,0,0,0,0,0,0,0,1,0,0,0,0,0,0,0,0,0,0,0,0,0,0,0,1,0,0,0
Servicio Médico Hospitalario,Secretaría de Salud,Secretaría de Salud,0,Subsecretaría de Servicios de Salud y Subdirección General de Prestación de Servicios,Dirección de Segundo Nivel de Atención,"Corresponde a los servicios de salud que se otorgan en el Segundo Nivel de Atención, relativos a: Urgencias, consulta externa, consulta externa de especialidades, hospitalización, cirugía, atención obstétrica, así como servicios especializados de diagnóstico entre otros.",1,0,1,0,0,0,0,0,0,0,1,1,0,0,0,0,0,0,0,0,0,0,0,0,0,0,0,0,0,0,0,0,1,0,0,0,0,0,0,0,0,0,0,0,0,0,0,0,0,0,0,0,0,0,0,0,0,0,0,0,0,0,0,0,0,0,0,0,0,0,0,0,0,0,0,0,0,0,0,0,0,0,0,0,0,0,0,0,0,0,0,0,0,0,0,0,0,0,0,0,0,0,0,0,0,0,0,0,0,0,0,0,0,0,0,0,0,0,0,0,0,0,0,0,0,0,1,0,0,0,0,0,0,0,0,0,0,0,0,0,0,0,0,0,0,0,0,0,0,0,0,0,0,0,0,0,0,0,0,0,0,0,0,0,0,0,0,0,0,0,0,0,0,0,0,0,0,0,0,0,0,0,0,0,0,0,0,0,0
"Solicitud de Licencia Sanitaria para farmacias, boticas y droguerías con venta de medicamentos contr",Secretaría de Salud,Secretaría de Salud,0,0,0,"Es la solicitud que se hace a la autoridad sanitaria, para que autorice la expedición de la Licencia Sanitaria a las farmacias, boticas y droguerías que venden medicamentos controlados para su funcionamiento.",1,0,0,1,0,0,0,0,0,0,0,1,0,0,0,0,0,0,0,0,0,0,0,0,0,0,0,0,0,0,0,0,0,1,0,0,0,0,0,0,0,0,0,0,0,0,0,0,0,0,0,0,0,0,0,0,0,0,0,0,0,0,0,0,0,0,0,0,0,0,0,0,0,0,0,0,0,0,0,0,0,0,0,0,0,0,0,0,0,0,0,0,0,0,0,0,0,0,0,0,0,0,0,0,0,0,0,0,0,0,0,0,0,0,0,0,0,0,0,0,0,0,0,0,0,0,0,0,0,0,1,0,0,0,0,0,0,0,0,0,0,0,0,0,0,0,0,0,0,0,0,0,0,0,0,0,0,0,0,0,0,0,0,0,0,0,0,0,0,1,0,0,0,0,0,0,0,0,0,0,0,0,0,0,0,1,0,0,0
Legalización de Documentos,Secretaría de Gobierno,Secretaría de Gobierno,0,0,0,"Cotejo y Certificación de firmas en documentos originales, con el objetivo de verificar la autenticidad de las mismas.

*PARA LEGALIZACIÓN DE TÍTULO REVISAR CONSIDERACIONES ESPECIALES",0,0,0,0,0,0,0,0,0,0,0,0,0,0,0,0,0,0,0,0,0,0,0,0,0,0,0,0,0,0,0,0,0,0,0,0,0,0,0,0,0,0,0,0,0,0,0,0,0,0,0,0,0,0,0,0,0,0,0,0,0,0,0,0,0,0,0,0,0,0,0,0,0,0,0,0,0,0,0,0,0,0,0,0,0,0,0,0,0,0,0,0,0,0,0,0,0,0,0,0,0,0,0,0,0,0,0,0,0,0,0,0,0,0,0,0,0,0,0,0,0,0,0,0,0,0,0,0,0,0,0,0,0,0,0,0,0,0,0,0,0,0,0,0,0,0,0,0,0,0,0,0,0,0,0,0,0,0,0,0,0,0,0,0,0,0,0,0,0,0,0,0,0,0,0,0,0,0,0,0,0,0,0,0,0,0,0,0,0
Reposición de la Tarjeta Preferente Tuzobús,Secretaría de Movilidad y Transporte,Sistema de Transporte Masivo de Hidalgo,Pachuca De Soto,0,Sistema Integrado de Transporte Masivo de Hidalgo,"Que las personas Adultas Mayores de 60 años de edad o más, así como personas con alguna discapacidad permanente, obtengan la reposición de su tarjeta preferente, por haberla extraviado, por mal estado o porque les haya sido robada, pudiendo con esto, seguir gozando de los beneficios que esta le ofrece.",1,0,0,0,0,0,0,0,0,0,0,0,0,0,0,0,0,0,1,0,0,0,0,0,0,0,0,0,0,0,0,0,0,1,0,0,0,0,0,0,0,0,0,0,0,0,0,0,0,0,0,0,0,0,0,0,0,0,0,0,0,0,0,0,0,0,0,0,0,0,0,0,0,1,0,0,0,0,0,0,0,0,0,0,0,0,0,0,0,0,0,0,0,0,0,0,0,0,0,0,0,0,0,0,0,0,0,0,0,0,0,0,0,0,0,0,0,0,0,0,0,0,0,0,0,0,0,0,0,0,0,0,0,0,0,0,0,0,0,0,0,0,0,0,0,0,0,0,0,0,0,0,0,0,0,0,0,0,0,0,0,0,0,0,0,0,0,0,0,0,0,0,0,0,0,0,0,0,0,0,0,0,0,0,0,0,0,0,0